"Date",1,2,3,4,5,6,7,8,9,10,15,20,25,30,40
"2010/1/4",0.131,0.147,0.238,0.383,0.495,0.662,0.828,1.009,1.184,1.322,1.810,2.110,2.236,2.266,2.311
"2010/1/5",0.136,0.148,0.234,0.376,0.491,0.660,0.834,1.015,1.188,1.329,1.819,2.119,2.244,2.275,2.319
"2010/1/6",0.135,0.154,0.237,0.378,0.502,0.675,0.851,1.029,1.198,1.337,1.828,2.128,2.252,2.280,2.327
"2010/1/7",0.137,0.154,0.243,0.388,0.506,0.689,0.872,1.045,1.208,1.345,1.847,2.144,2.269,2.294,2.340
"2010/1/8",0.136,0.164,0.253,0.398,0.521,0.707,0.892,1.064,1.222,1.359,1.855,2.147,2.270,2.297,2.346
"2010/1/12",0.131,0.164,0.254,0.396,0.519,0.697,0.884,1.057,1.220,1.355,1.854,2.144,2.266,2.293,2.346
"2010/1/13",0.130,0.164,0.249,0.386,0.509,0.678,0.855,1.029,1.191,1.333,1.840,2.132,2.253,2.283,2.345
"2010/1/14",0.129,0.159,0.250,0.396,0.526,0.693,0.870,1.041,1.199,1.339,1.839,2.125,2.236,2.268,2.323
"2010/1/15",0.140,0.155,0.247,0.391,0.524,0.684,0.856,1.026,1.186,1.329,1.836,2.120,2.232,2.265,2.319
"2010/1/18",0.136,0.160,0.249,0.390,0.524,0.670,0.842,1.013,1.177,1.326,1.837,2.123,2.236,2.268,2.323
"2010/1/19",0.136,0.160,0.248,0.391,0.521,0.676,0.847,1.021,1.189,1.336,1.851,2.137,2.253,2.284,2.336
"2010/1/20",0.134,0.161,0.247,0.393,0.521,0.683,0.858,1.026,1.194,1.341,1.851,2.137,2.257,2.289,2.338
"2010/1/21",0.133,0.161,0.255,0.401,0.532,0.699,0.876,1.041,1.204,1.349,1.847,2.133,2.257,2.289,2.338
"2010/1/22",0.123,0.161,0.254,0.395,0.522,0.684,0.854,1.018,1.186,1.331,1.834,2.123,2.249,2.281,2.325
"2010/1/25",0.128,0.162,0.255,0.396,0.527,0.696,0.869,1.034,1.200,1.346,1.839,2.128,2.253,2.286,2.327
"2010/1/26",0.127,0.157,0.244,0.380,0.509,0.670,0.840,1.009,1.182,1.328,1.821,2.112,2.236,2.270,2.313
"2010/1/27",0.119,0.156,0.237,0.372,0.498,0.656,0.823,0.994,1.168,1.319,1.817,2.108,2.235,2.267,2.312
"2010/1/28",0.118,0.155,0.237,0.374,0.505,0.661,0.828,0.997,1.169,1.323,1.812,2.104,2.232,2.266,2.308
"2010/1/29",0.124,0.155,0.236,0.375,0.505,0.663,0.830,1.000,1.174,1.330,1.822,2.116,2.240,2.274,2.315
"2010/2/1",0.120,0.155,0.243,0.384,0.514,0.675,0.841,1.012,1.184,1.344,1.831,2.124,2.249,2.282,2.323
"2010/2/2",0.119,0.155,0.252,0.401,0.536,0.699,0.870,1.037,1.204,1.360,1.850,2.142,2.266,2.298,2.339
"2010/2/3",0.118,0.155,0.257,0.406,0.541,0.703,0.877,1.042,1.211,1.368,1.859,2.151,2.275,2.306,2.346
"2010/2/4",0.118,0.155,0.263,0.415,0.557,0.723,0.905,1.070,1.231,1.386,1.869,2.159,2.275,2.309,2.350
"2010/2/5",0.116,0.155,0.257,0.405,0.546,0.708,0.891,1.056,1.222,1.376,1.856,2.147,2.266,2.301,2.342
"2010/2/8",0.116,0.155,0.249,0.395,0.537,0.695,0.877,1.043,1.210,1.368,1.848,2.142,2.262,2.298,2.339
"2010/2/9",0.123,0.155,0.248,0.390,0.530,0.681,0.855,1.023,1.192,1.353,1.840,2.140,2.262,2.292,2.339
"2010/2/10",0.122,0.154,0.251,0.388,0.526,0.675,0.843,1.015,1.182,1.342,1.843,2.148,2.271,2.298,2.346
"2010/2/12",0.120,0.154,0.258,0.398,0.537,0.687,0.853,1.020,1.187,1.342,1.839,2.145,2.266,2.294,2.342
"2010/2/15",0.120,0.160,0.260,0.394,0.532,0.676,0.832,1.004,1.179,1.339,1.844,2.154,2.276,2.306,2.354
"2010/2/16",0.119,0.160,0.256,0.389,0.522,0.666,0.823,0.999,1.176,1.341,1.853,2.164,2.286,2.316,2.362
"2010/2/17",0.118,0.155,0.252,0.387,0.522,0.675,0.830,1.005,1.180,1.341,1.852,2.161,2.282,2.312,2.357
"2010/2/18",0.118,0.155,0.246,0.384,0.521,0.677,0.834,1.005,1.176,1.337,1.849,2.157,2.278,2.309,2.354
"2010/2/19",0.117,0.155,0.250,0.394,0.530,0.688,0.850,1.020,1.190,1.351,1.859,2.166,2.287,2.318,2.358
"2010/2/22",0.123,0.156,0.257,0.407,0.546,0.704,0.870,1.037,1.206,1.361,1.865,2.166,2.287,2.317,2.358
"2010/2/23",0.122,0.156,0.254,0.402,0.542,0.695,0.861,1.028,1.197,1.351,1.856,2.158,2.275,2.305,2.347
"2010/2/24",0.124,0.156,0.247,0.393,0.531,0.679,0.836,1.008,1.182,1.341,1.851,2.157,2.274,2.305,2.347
"2010/2/25",0.123,0.155,0.245,0.381,0.517,0.656,0.808,0.980,1.158,1.318,1.833,2.141,2.261,2.292,2.335
"2010/2/26",0.123,0.155,0.244,0.383,0.522,0.660,0.814,0.980,1.160,1.318,1.829,2.137,2.249,2.280,2.324
"2010/3/1",0.120,0.155,0.246,0.388,0.526,0.670,0.825,0.991,1.170,1.328,1.834,2.141,2.253,2.285,2.324
"2010/3/2",0.125,0.155,0.238,0.380,0.523,0.666,0.820,0.982,1.162,1.327,1.835,2.145,2.257,2.290,2.327
"2010/3/3",0.125,0.155,0.241,0.378,0.524,0.666,0.825,0.985,1.162,1.328,1.835,2.146,2.262,2.293,2.327
"2010/3/4",0.119,0.145,0.227,0.363,0.508,0.647,0.805,0.968,1.153,1.324,1.835,2.151,2.270,2.300,2.332
"2010/3/5",0.118,0.140,0.217,0.349,0.495,0.629,0.785,0.952,1.134,1.305,1.825,2.143,2.265,2.297,2.325
"2010/3/8",0.119,0.140,0.218,0.356,0.500,0.634,0.795,0.964,1.143,1.316,1.836,2.152,2.274,2.302,2.332
"2010/3/9",0.125,0.140,0.221,0.352,0.496,0.625,0.783,0.954,1.128,1.302,1.822,2.142,2.258,2.292,2.324
"2010/3/10",0.125,0.140,0.227,0.357,0.500,0.624,0.776,0.945,1.124,1.303,1.823,2.141,2.252,2.284,2.314
"2010/3/11",0.124,0.140,0.229,0.362,0.498,0.641,0.798,0.971,1.148,1.317,1.832,2.146,2.258,2.288,2.317
"2010/3/12",0.123,0.140,0.229,0.376,0.514,0.667,0.828,1.005,1.177,1.341,1.842,2.149,2.258,2.285,2.312
"2010/3/15",0.120,0.145,0.224,0.374,0.509,0.657,0.822,1.003,1.178,1.343,1.847,2.155,2.266,2.288,2.316
"2010/3/16",0.119,0.145,0.224,0.369,0.499,0.652,0.817,1.002,1.179,1.343,1.857,2.166,2.279,2.300,2.330
"2010/3/17",0.118,0.145,0.236,0.379,0.506,0.668,0.833,1.013,1.189,1.348,1.864,2.167,2.283,2.305,2.331
"2010/3/18",0.118,0.145,0.242,0.399,0.526,0.694,0.863,1.043,1.214,1.367,1.879,2.171,2.284,2.300,2.328
"2010/3/19",0.117,0.145,0.235,0.394,0.520,0.686,0.857,1.039,1.215,1.364,1.875,2.166,2.276,2.293,2.316
"2010/3/23",0.122,0.146,0.231,0.381,0.507,0.665,0.838,1.021,1.196,1.349,1.861,2.148,2.262,2.275,2.299
"2010/3/24",0.121,0.146,0.227,0.376,0.501,0.655,0.828,1.011,1.187,1.340,1.848,2.135,2.250,2.263,2.281
"2010/3/25",0.121,0.152,0.236,0.396,0.528,0.686,0.864,1.042,1.211,1.363,1.861,2.140,2.254,2.267,2.284
"2010/3/26",0.123,0.157,0.246,0.411,0.545,0.707,0.885,1.066,1.231,1.378,1.862,2.139,2.254,2.267,2.285
"2010/3/29",0.121,0.162,0.257,0.422,0.558,0.727,0.907,1.093,1.257,1.402,1.889,2.169,2.283,2.296,2.312
"2010/3/30",0.126,0.162,0.263,0.414,0.549,0.719,0.897,1.087,1.251,1.395,1.895,2.180,2.292,2.304,2.320
"2010/3/31",0.130,0.167,0.272,0.419,0.553,0.723,0.901,1.088,1.253,1.395,1.885,2.170,2.280,2.292,2.308
"2010/4/1",0.129,0.163,0.258,0.397,0.529,0.688,0.856,1.040,1.209,1.360,1.854,2.140,2.250,2.266,2.285
"2010/4/2",0.128,0.163,0.255,0.394,0.531,0.689,0.856,1.040,1.209,1.360,1.845,2.128,2.225,2.238,2.258
"2010/4/5",0.130,0.163,0.257,0.407,0.545,0.710,0.879,1.067,1.235,1.387,1.845,2.127,2.224,2.238,2.259
"2010/4/6",0.129,0.159,0.253,0.407,0.552,0.726,0.901,1.084,1.250,1.402,1.873,2.145,2.241,2.253,2.265
"2010/4/7",0.128,0.159,0.246,0.408,0.557,0.733,0.916,1.095,1.255,1.402,1.869,2.140,2.245,2.259,2.274
"2010/4/8",0.135,0.155,0.245,0.403,0.551,0.715,0.896,1.077,1.241,1.388,1.846,2.110,2.212,2.226,2.254
"2010/4/9",0.134,0.155,0.241,0.398,0.549,0.708,0.890,1.072,1.237,1.389,1.854,2.119,2.216,2.230,2.259
"2010/4/12",0.132,0.155,0.246,0.408,0.561,0.725,0.909,1.093,1.252,1.404,1.870,2.131,2.225,2.238,2.267
"2010/4/13",0.132,0.160,0.237,0.386,0.540,0.694,0.873,1.064,1.229,1.387,1.859,2.128,2.224,2.234,2.269
"2010/4/14",0.131,0.160,0.236,0.385,0.538,0.684,0.861,1.050,1.215,1.377,1.849,2.131,2.232,2.238,2.277
"2010/4/15",0.130,0.165,0.242,0.385,0.537,0.690,0.867,1.050,1.214,1.373,1.841,2.131,2.233,2.238,2.275
"2010/4/16",0.129,0.165,0.237,0.376,0.520,0.671,0.843,1.027,1.197,1.355,1.822,2.119,2.225,2.229,2.266
"2010/4/19",0.128,0.160,0.221,0.358,0.496,0.641,0.810,0.993,1.168,1.328,1.800,2.105,2.211,2.217,2.258
"2010/4/20",0.128,0.160,0.224,0.358,0.503,0.646,0.815,0.999,1.174,1.337,1.805,2.111,2.215,2.221,2.259
"2010/4/21",0.128,0.160,0.223,0.363,0.508,0.656,0.825,1.009,1.184,1.347,1.822,2.119,2.217,2.225,2.259
"2010/4/22",0.135,0.160,0.217,0.349,0.494,0.640,0.806,0.990,1.165,1.329,1.810,2.101,2.201,2.209,2.244
"2010/4/23",0.135,0.160,0.217,0.349,0.491,0.635,0.803,0.990,1.165,1.329,1.801,2.088,2.188,2.196,2.228
"2010/4/26",0.133,0.165,0.221,0.363,0.506,0.650,0.821,1.006,1.177,1.338,1.801,2.088,2.183,2.192,2.220
"2010/4/27",0.132,0.162,0.223,0.359,0.500,0.636,0.805,0.988,1.157,1.324,1.788,2.070,2.167,2.175,2.200
"2010/4/28",0.132,0.160,0.210,0.332,0.471,0.601,0.771,0.953,1.130,1.300,1.770,2.061,2.157,2.165,2.193
"2010/4/30",0.130,0.160,0.215,0.337,0.475,0.606,0.776,0.959,1.131,1.301,1.766,2.052,2.142,2.150,2.178
"2010/5/6",0.137,0.160,0.216,0.335,0.473,0.599,0.764,0.946,1.125,1.293,1.749,2.039,2.129,2.137,2.166
"2010/5/7",0.136,0.160,0.217,0.335,0.473,0.595,0.760,0.943,1.128,1.298,1.764,2.058,2.151,2.157,2.190
"2010/5/10",0.134,0.160,0.226,0.350,0.498,0.622,0.787,0.974,1.159,1.327,1.782,2.076,2.165,2.170,2.201
"2010/5/11",0.134,0.160,0.217,0.341,0.490,0.612,0.779,0.969,1.160,1.332,1.792,2.089,2.177,2.183,2.213
"2010/5/12",0.133,0.155,0.209,0.326,0.476,0.601,0.769,0.956,1.146,1.317,1.782,2.081,2.169,2.175,2.206
"2010/5/13",0.133,0.160,0.211,0.330,0.484,0.617,0.787,0.972,1.158,1.325,1.792,2.089,2.178,2.183,2.209
"2010/5/14",0.132,0.160,0.210,0.325,0.477,0.607,0.773,0.960,1.148,1.316,1.792,2.094,2.185,2.191,2.217
"2010/5/17",0.138,0.160,0.211,0.316,0.467,0.593,0.756,0.942,1.135,1.303,1.784,2.088,2.186,2.191,2.217
"2010/5/18",0.137,0.165,0.217,0.328,0.478,0.609,0.774,0.957,1.150,1.317,1.798,2.101,2.199,2.204,2.228
"2010/5/19",0.137,0.165,0.220,0.317,0.467,0.595,0.757,0.937,1.136,1.308,1.794,2.101,2.203,2.208,2.233
"2010/5/20",0.137,0.160,0.216,0.302,0.448,0.574,0.734,0.913,1.107,1.281,1.757,2.055,2.156,2.163,2.190
"2010/5/21",0.136,0.155,0.216,0.298,0.437,0.564,0.719,0.899,1.094,1.262,1.731,2.019,2.109,2.119,2.144
"2010/5/24",0.134,0.160,0.224,0.313,0.453,0.579,0.737,0.915,1.110,1.277,1.747,2.031,2.117,2.129,2.152
"2010/5/25",0.133,0.160,0.215,0.303,0.437,0.551,0.704,0.879,1.075,1.244,1.721,2.014,2.100,2.110,2.131
"2010/5/26",0.133,0.160,0.219,0.305,0.439,0.543,0.683,0.864,1.065,1.234,1.699,1.987,2.062,2.073,2.094
"2010/5/27",0.132,0.160,0.224,0.321,0.461,0.575,0.719,0.904,1.105,1.272,1.742,2.022,2.095,2.107,2.126
"2010/5/28",0.131,0.160,0.220,0.317,0.458,0.574,0.721,0.911,1.110,1.278,1.749,2.022,2.092,2.103,2.126
"2010/5/31",0.140,0.160,0.218,0.312,0.456,0.579,0.727,0.917,1.116,1.284,1.756,2.036,2.106,2.116,2.143
"2010/6/1",0.139,0.155,0.212,0.307,0.453,0.578,0.724,0.913,1.107,1.280,1.756,2.041,2.117,2.125,2.152
"2010/6/2",0.138,0.155,0.203,0.297,0.438,0.568,0.714,0.893,1.088,1.261,1.729,2.024,2.107,2.116,2.145
"2010/6/3",0.138,0.150,0.198,0.295,0.434,0.569,0.724,0.903,1.097,1.271,1.719,2.017,2.101,2.108,2.139
"2010/6/4",0.137,0.145,0.190,0.280,0.411,0.549,0.704,0.889,1.084,1.262,1.724,2.025,2.113,2.120,2.155
"2010/6/7",0.135,0.145,0.190,0.270,0.395,0.515,0.670,0.847,1.038,1.220,1.688,1.990,2.078,2.086,2.123
"2010/6/8",0.142,0.145,0.189,0.280,0.406,0.523,0.675,0.852,1.042,1.229,1.702,2.003,2.091,2.099,2.139
"2010/6/9",0.142,0.145,0.185,0.275,0.394,0.510,0.658,0.828,1.019,1.203,1.682,1.986,2.073,2.082,2.123
"2010/6/10",0.142,0.145,0.190,0.284,0.394,0.517,0.668,0.838,1.024,1.202,1.679,1.982,2.069,2.078,2.119
"2010/6/11",0.143,0.150,0.199,0.308,0.418,0.545,0.697,0.874,1.053,1.229,1.697,1.993,2.079,2.086,2.127
"2010/6/14",0.141,0.155,0.199,0.306,0.415,0.546,0.698,0.876,1.054,1.231,1.694,1.988,2.069,2.077,2.119
"2010/6/15",0.140,0.155,0.201,0.303,0.409,0.543,0.694,0.876,1.056,1.228,1.694,1.993,2.074,2.086,2.127
"2010/6/16",0.139,0.155,0.200,0.304,0.409,0.549,0.709,0.891,1.066,1.238,1.704,2.000,2.079,2.093,2.134
"2010/6/17",0.138,0.155,0.199,0.296,0.404,0.534,0.694,0.876,1.052,1.224,1.695,1.996,2.079,2.099,2.139
"2010/6/18",0.137,0.155,0.202,0.289,0.396,0.515,0.674,0.856,1.033,1.201,1.676,1.974,2.065,2.085,2.126
"2010/6/21",0.135,0.155,0.201,0.288,0.400,0.525,0.691,0.873,1.052,1.220,1.690,1.987,2.079,2.099,2.143
"2010/6/22",0.142,0.151,0.190,0.276,0.386,0.496,0.656,0.838,1.024,1.192,1.663,1.961,2.051,2.068,2.118
"2010/6/23",0.143,0.150,0.189,0.276,0.387,0.494,0.650,0.828,1.005,1.174,1.640,1.940,2.027,2.042,2.091
"2010/6/24",0.143,0.150,0.191,0.271,0.383,0.490,0.640,0.809,0.982,1.150,1.608,1.904,1.983,1.999,2.049
"2010/6/25",0.142,0.150,0.190,0.271,0.383,0.491,0.640,0.810,0.982,1.150,1.608,1.891,1.973,1.989,2.041
"2010/6/28",0.140,0.150,0.191,0.268,0.378,0.492,0.642,0.816,0.988,1.160,1.622,1.900,1.987,2.001,2.049
"2010/6/29",0.139,0.145,0.179,0.252,0.358,0.460,0.602,0.776,0.953,1.123,1.592,1.869,1.952,1.970,2.015
"2010/6/30",0.138,0.145,0.178,0.247,0.350,0.445,0.583,0.756,0.935,1.095,1.560,1.829,1.912,1.931,1.975
"2010/7/1",0.138,0.140,0.170,0.234,0.330,0.426,0.562,0.732,0.910,1.073,1.522,1.788,1.872,1.890,1.933
"2010/7/2",0.137,0.140,0.169,0.241,0.334,0.442,0.589,0.763,0.945,1.106,1.534,1.789,1.867,1.890,1.931
"2010/7/5",0.136,0.140,0.169,0.243,0.341,0.448,0.595,0.770,0.957,1.120,1.556,1.807,1.884,1.908,1.947
"2010/7/6",0.135,0.140,0.171,0.244,0.345,0.459,0.606,0.785,0.976,1.140,1.584,1.834,1.908,1.937,1.967
"2010/7/7",0.135,0.140,0.170,0.249,0.352,0.458,0.601,0.780,0.977,1.145,1.608,1.865,1.939,1.967,1.996
"2010/7/8",0.134,0.140,0.169,0.250,0.362,0.468,0.607,0.781,0.974,1.144,1.614,1.878,1.958,1.989,2.016
"2010/7/9",0.134,0.140,0.171,0.251,0.377,0.493,0.632,0.806,0.994,1.160,1.632,1.901,1.983,2.012,2.038
"2010/7/12",0.133,0.140,0.168,0.247,0.368,0.475,0.613,0.783,0.966,1.127,1.596,1.852,1.935,1.964,1.993
"2010/7/13",0.133,0.145,0.171,0.251,0.374,0.480,0.619,0.789,0.972,1.133,1.591,1.848,1.930,1.959,1.991
"2010/7/14",0.132,0.145,0.173,0.257,0.381,0.494,0.635,0.806,0.987,1.146,1.606,1.861,1.939,1.969,2.006
"2010/7/15",0.140,0.145,0.164,0.235,0.352,0.455,0.588,0.751,0.933,1.090,1.550,1.807,1.885,1.916,1.955
"2010/7/16",0.130,0.140,0.167,0.237,0.355,0.460,0.595,0.759,0.942,1.095,1.551,1.811,1.885,1.916,1.961
"2010/7/20",0.128,0.145,0.166,0.237,0.356,0.466,0.602,0.767,0.946,1.102,1.557,1.821,1.895,1.924,1.970
"2010/7/21",0.128,0.145,0.167,0.239,0.350,0.458,0.592,0.758,0.937,1.098,1.562,1.830,1.904,1.933,1.977
"2010/7/22",0.127,0.144,0.166,0.234,0.341,0.447,0.577,0.738,0.911,1.069,1.534,1.797,1.872,1.902,1.949
"2010/7/23",0.127,0.144,0.172,0.244,0.361,0.468,0.596,0.752,0.923,1.079,1.534,1.793,1.864,1.893,1.940
"2010/7/26",0.133,0.145,0.172,0.244,0.361,0.468,0.597,0.753,0.924,1.076,1.525,1.775,1.840,1.871,1.919
"2010/7/27",0.133,0.145,0.171,0.246,0.357,0.458,0.582,0.739,0.913,1.064,1.507,1.753,1.818,1.849,1.898
"2010/7/28",0.132,0.145,0.176,0.261,0.372,0.481,0.615,0.774,0.947,1.099,1.535,1.779,1.841,1.876,1.924
"2010/7/29",0.132,0.145,0.175,0.254,0.362,0.466,0.597,0.759,0.933,1.090,1.523,1.762,1.827,1.867,1.910
"2010/7/30",0.131,0.145,0.178,0.254,0.361,0.456,0.586,0.747,0.924,1.081,1.512,1.753,1.815,1.852,1.898
"2010/8/2",0.129,0.145,0.178,0.256,0.357,0.451,0.574,0.728,0.905,1.062,1.479,1.721,1.778,1.817,1.864
"2010/8/3",0.129,0.145,0.178,0.266,0.369,0.458,0.575,0.726,0.901,1.052,1.466,1.708,1.759,1.799,1.851
"2010/8/4",0.128,0.140,0.174,0.253,0.348,0.433,0.544,0.691,0.862,1.014,1.422,1.664,1.712,1.754,1.808
"2010/8/5",0.127,0.140,0.175,0.256,0.354,0.450,0.573,0.725,0.896,1.048,1.456,1.693,1.745,1.784,1.833
"2010/8/6",0.126,0.140,0.176,0.258,0.358,0.461,0.588,0.743,0.919,1.072,1.481,1.721,1.772,1.813,1.855
"2010/8/9",0.125,0.140,0.172,0.250,0.348,0.445,0.561,0.714,0.882,1.034,1.425,1.668,1.719,1.758,1.803
"2010/8/10",0.124,0.136,0.174,0.260,0.364,0.461,0.580,0.735,0.902,1.049,1.443,1.682,1.734,1.772,1.816
"2010/8/11",0.123,0.136,0.170,0.248,0.339,0.440,0.560,0.715,0.882,1.030,1.414,1.647,1.698,1.735,1.782
"2010/8/12",0.123,0.136,0.161,0.233,0.311,0.430,0.556,0.711,0.873,1.020,1.403,1.628,1.680,1.717,1.760
"2010/8/13",0.122,0.131,0.155,0.222,0.298,0.415,0.536,0.691,0.856,1.003,1.400,1.634,1.689,1.725,1.764
"2010/8/16",0.129,0.135,0.149,0.216,0.285,0.394,0.509,0.662,0.822,0.970,1.377,1.617,1.675,1.712,1.755
"2010/8/17",0.129,0.130,0.146,0.217,0.286,0.395,0.509,0.654,0.813,0.961,1.357,1.584,1.642,1.676,1.720
"2010/8/18",0.119,0.120,0.136,0.206,0.274,0.374,0.489,0.635,0.799,0.944,1.347,1.580,1.647,1.676,1.720
"2010/8/19",0.117,0.115,0.126,0.205,0.276,0.382,0.504,0.649,0.810,0.957,1.357,1.586,1.656,1.685,1.728
"2010/8/20",0.108,0.114,0.115,0.194,0.269,0.373,0.495,0.640,0.803,0.953,1.357,1.585,1.656,1.680,1.725
"2010/8/23",0.107,0.114,0.115,0.195,0.271,0.374,0.498,0.648,0.815,0.962,1.367,1.595,1.670,1.691,1.733
"2010/8/24",0.114,0.119,0.118,0.195,0.270,0.370,0.488,0.641,0.801,0.948,1.345,1.561,1.642,1.666,1.707
"2010/8/25",0.113,0.125,0.127,0.196,0.265,0.364,0.478,0.626,0.783,0.930,1.320,1.529,1.609,1.633,1.676
"2010/8/26",0.113,0.121,0.129,0.202,0.272,0.380,0.503,0.652,0.816,0.964,1.363,1.574,1.656,1.678,1.716
"2010/8/27",0.112,0.129,0.144,0.225,0.296,0.406,0.532,0.695,0.872,1.029,1.454,1.691,1.783,1.799,1.832
"2010/8/30",0.110,0.129,0.145,0.231,0.300,0.413,0.543,0.712,0.893,1.050,1.478,1.722,1.816,1.832,1.862
"2010/8/31",0.109,0.119,0.132,0.204,0.265,0.365,0.486,0.653,0.834,0.992,1.411,1.661,1.753,1.767,1.799
"2010/9/1",0.108,0.119,0.138,0.218,0.291,0.403,0.535,0.704,0.892,1.051,1.482,1.740,1.840,1.854,1.880
"2010/9/2",0.107,0.124,0.146,0.236,0.319,0.436,0.571,0.739,0.933,1.099,1.544,1.804,1.911,1.924,1.947
"2010/9/3",0.107,0.129,0.151,0.245,0.331,0.463,0.603,0.769,0.963,1.123,1.573,1.841,1.958,1.976,1.999
"2010/9/6",0.112,0.149,0.190,0.295,0.392,0.535,0.680,0.842,1.026,1.177,1.617,1.875,1.994,2.012,2.032
"2010/9/7",0.111,0.139,0.182,0.273,0.363,0.502,0.640,0.802,0.984,1.131,1.579,1.840,1.958,1.977,2.000
"2010/9/8",0.114,0.134,0.172,0.250,0.328,0.471,0.619,0.782,0.968,1.116,1.588,1.867,1.985,2.007,2.027
"2010/9/9",0.113,0.134,0.171,0.252,0.327,0.465,0.611,0.777,0.962,1.113,1.590,1.875,1.994,2.015,2.037
"2010/9/10",0.112,0.144,0.190,0.288,0.376,0.503,0.650,0.813,0.995,1.140,1.609,1.885,1.994,2.016,2.037
"2010/9/13",0.110,0.140,0.191,0.291,0.380,0.498,0.646,0.810,0.991,1.137,1.615,1.898,2.008,2.028,2.049
"2010/9/14",0.110,0.140,0.180,0.281,0.370,0.483,0.632,0.795,0.978,1.122,1.600,1.891,1.990,2.012,2.033
"2010/9/15",0.120,0.130,0.150,0.232,0.306,0.412,0.557,0.721,0.900,1.038,1.491,1.767,1.860,1.889,1.912
"2010/9/16",0.119,0.125,0.146,0.222,0.296,0.397,0.541,0.712,0.895,1.038,1.514,1.803,1.904,1.928,1.954
"2010/9/17",0.119,0.125,0.152,0.227,0.300,0.413,0.557,0.727,0.916,1.066,1.552,1.847,1.954,1.974,2.000
"2010/9/21",0.116,0.126,0.153,0.228,0.291,0.400,0.540,0.703,0.888,1.042,1.517,1.808,1.914,1.934,1.960
"2010/9/22",0.116,0.126,0.152,0.222,0.285,0.384,0.515,0.676,0.865,1.024,1.492,1.777,1.883,1.906,1.931
"2010/9/24",0.115,0.131,0.160,0.225,0.286,0.370,0.495,0.652,0.840,0.997,1.460,1.746,1.847,1.874,1.896
"2010/9/27",0.114,0.137,0.164,0.230,0.292,0.376,0.500,0.657,0.842,0.999,1.469,1.754,1.858,1.883,1.906
"2010/9/28",0.114,0.134,0.156,0.214,0.274,0.360,0.480,0.632,0.813,0.965,1.428,1.715,1.822,1.851,1.871
"2010/9/29",0.113,0.135,0.158,0.212,0.268,0.339,0.449,0.593,0.773,0.926,1.390,1.674,1.782,1.813,1.832
"2010/9/30",0.112,0.132,0.154,0.204,0.262,0.340,0.451,0.598,0.782,0.937,1.414,1.697,1.809,1.838,1.857
"2010/10/1",0.112,0.128,0.147,0.201,0.254,0.341,0.456,0.609,0.799,0.962,1.438,1.720,1.833,1.861,1.880
"2010/10/4",0.115,0.126,0.143,0.195,0.251,0.331,0.442,0.595,0.781,0.943,1.410,1.693,1.805,1.836,1.854
"2010/10/5",0.105,0.113,0.122,0.170,0.224,0.305,0.418,0.570,0.757,0.919,1.410,1.700,1.818,1.849,1.877
"2010/10/6",0.104,0.113,0.122,0.160,0.203,0.274,0.375,0.510,0.688,0.848,1.354,1.662,1.790,1.827,1.867
"2010/10/7",0.111,0.119,0.135,0.181,0.229,0.302,0.407,0.541,0.713,0.869,1.378,1.689,1.818,1.853,1.894
"2010/10/8",0.111,0.119,0.134,0.182,0.228,0.296,0.397,0.536,0.708,0.870,1.398,1.726,1.872,1.912,1.959
"2010/10/12",0.110,0.120,0.140,0.187,0.231,0.292,0.389,0.525,0.695,0.857,1.383,1.713,1.860,1.900,1.950
"2010/10/13",0.110,0.125,0.143,0.196,0.244,0.308,0.403,0.546,0.716,0.882,1.422,1.757,1.910,1.946,2.000
"2010/10/14",0.110,0.120,0.142,0.197,0.244,0.309,0.404,0.547,0.717,0.882,1.436,1.770,1.927,1.966,2.021
"2010/10/15",0.110,0.125,0.152,0.213,0.260,0.329,0.417,0.553,0.721,0.883,1.436,1.765,1.919,1.958,2.012
"2010/10/18",0.110,0.125,0.150,0.217,0.260,0.330,0.415,0.549,0.719,0.878,1.433,1.761,1.914,1.954,2.010
"2010/10/19",0.109,0.130,0.153,0.230,0.279,0.349,0.437,0.565,0.735,0.888,1.447,1.774,1.923,1.963,2.018
"2010/10/20",0.109,0.130,0.152,0.230,0.279,0.355,0.442,0.571,0.739,0.898,1.455,1.779,1.928,1.966,2.021
"2010/10/21",0.109,0.130,0.153,0.229,0.279,0.358,0.448,0.572,0.735,0.891,1.457,1.772,1.924,1.963,2.017
"2010/10/22",0.109,0.136,0.157,0.240,0.290,0.375,0.463,0.587,0.744,0.894,1.457,1.763,1.911,1.951,2.012
"2010/10/25",0.108,0.136,0.162,0.243,0.297,0.377,0.469,0.593,0.755,0.904,1.449,1.754,1.897,1.937,2.000
"2010/10/26",0.108,0.136,0.164,0.238,0.291,0.370,0.466,0.593,0.761,0.909,1.454,1.758,1.892,1.932,1.993
"2010/10/27",0.111,0.137,0.164,0.243,0.302,0.389,0.488,0.626,0.803,0.953,1.507,1.810,1.942,1.979,2.039
"2010/10/28",0.111,0.132,0.151,0.227,0.281,0.358,0.456,0.592,0.769,0.915,1.482,1.799,1.924,1.963,2.022
"2010/10/29",0.117,0.137,0.163,0.244,0.301,0.383,0.486,0.619,0.794,0.937,1.503,1.819,1.942,1.979,2.038
"2010/11/1",0.116,0.138,0.161,0.245,0.302,0.390,0.500,0.635,0.811,0.952,1.505,1.814,1.933,1.972,2.030
"2010/11/2",0.115,0.138,0.164,0.245,0.307,0.390,0.504,0.637,0.806,0.948,1.487,1.796,1.915,1.954,2.013
"2010/11/4",0.114,0.135,0.158,0.235,0.298,0.370,0.482,0.612,0.779,0.931,1.479,1.797,1.920,1.958,2.020
"2010/11/5",0.121,0.135,0.164,0.246,0.311,0.391,0.500,0.628,0.790,0.941,1.497,1.825,1.954,1.990,2.058
"2010/11/8",0.120,0.139,0.168,0.256,0.330,0.417,0.528,0.660,0.818,0.969,1.522,1.842,1.968,2.004,2.074
"2010/11/9",0.120,0.139,0.173,0.267,0.344,0.432,0.543,0.680,0.839,0.983,1.531,1.845,1.964,1.996,2.062
"2010/11/10",0.120,0.139,0.178,0.279,0.360,0.449,0.563,0.703,0.861,1.002,1.540,1.849,1.964,1.996,2.064
"2010/11/11",0.120,0.140,0.179,0.280,0.357,0.459,0.574,0.714,0.876,1.013,1.565,1.878,1.990,2.019,2.082
"2010/11/12",0.120,0.149,0.192,0.287,0.352,0.444,0.555,0.699,0.868,1.010,1.565,1.887,1.999,2.027,2.088
"2010/11/15",0.130,0.150,0.211,0.317,0.387,0.495,0.616,0.760,0.923,1.057,1.603,1.928,2.043,2.066,2.123
"2010/11/16",0.129,0.145,0.202,0.299,0.357,0.461,0.579,0.727,0.898,1.038,1.566,1.893,2.012,2.039,2.095
"2010/11/17",0.139,0.151,0.224,0.328,0.387,0.497,0.620,0.763,0.929,1.066,1.584,1.901,2.020,2.046,2.102
"2010/11/18",0.139,0.161,0.242,0.353,0.419,0.539,0.675,0.814,0.981,1.113,1.636,1.943,2.074,2.094,2.150
"2010/11/19",0.138,0.156,0.222,0.325,0.390,0.508,0.645,0.782,0.944,1.071,1.599,1.906,2.035,2.060,2.115
"2010/11/22",0.137,0.161,0.229,0.349,0.430,0.552,0.700,0.851,1.012,1.132,1.646,1.940,2.067,2.088,2.146
"2010/11/24",0.137,0.162,0.217,0.329,0.412,0.537,0.685,0.844,1.013,1.131,1.628,1.928,2.048,2.072,2.126
"2010/11/25",0.147,0.169,0.226,0.344,0.435,0.558,0.716,0.875,1.043,1.154,1.634,1.926,2.039,2.065,2.109
"2010/11/26",0.149,0.189,0.260,0.384,0.478,0.609,0.772,0.926,1.084,1.187,1.661,1.942,2.040,2.065,2.104
"2010/11/29",0.155,0.196,0.266,0.390,0.477,0.593,0.744,0.904,1.073,1.180,1.669,1.951,2.040,2.065,2.100
"2010/11/30",0.155,0.188,0.259,0.377,0.458,0.585,0.743,0.910,1.081,1.190,1.698,1.977,2.058,2.082,2.111
"2010/12/1",0.154,0.179,0.228,0.336,0.413,0.534,0.696,0.860,1.032,1.161,1.676,1.960,2.039,2.064,2.095
"2010/12/2",0.154,0.182,0.239,0.358,0.436,0.564,0.737,0.897,1.067,1.194,1.703,1.986,2.061,2.085,2.116
"2010/12/3",0.154,0.184,0.248,0.368,0.450,0.570,0.742,0.902,1.072,1.200,1.728,2.017,2.096,2.118,2.147
"2010/12/6",0.149,0.174,0.238,0.334,0.412,0.516,0.681,0.845,1.016,1.153,1.690,1.992,2.079,2.105,2.136
"2010/12/7",0.149,0.179,0.254,0.354,0.432,0.541,0.711,0.871,1.035,1.168,1.710,2.030,2.126,2.155,2.192
"2010/12/8",0.159,0.208,0.318,0.444,0.536,0.658,0.826,0.975,1.114,1.235,1.760,2.068,2.158,2.183,2.220
"2010/12/9",0.159,0.224,0.344,0.475,0.562,0.683,0.841,0.994,1.133,1.254,1.789,2.094,2.182,2.206,2.238
"2010/12/10",0.159,0.219,0.332,0.445,0.518,0.629,0.783,0.940,1.080,1.195,1.739,2.057,2.141,2.167,2.198
"2010/12/13",0.160,0.235,0.357,0.493,0.579,0.699,0.858,1.011,1.150,1.242,1.781,2.090,2.156,2.182,2.213
"2010/12/14",0.160,0.230,0.337,0.458,0.539,0.669,0.829,1.001,1.150,1.242,1.762,2.061,2.123,2.152,2.182
"2010/12/15",0.170,0.225,0.327,0.451,0.531,0.674,0.844,1.025,1.169,1.251,1.776,2.049,2.114,2.140,2.169
"2010/12/16",0.160,0.215,0.317,0.451,0.535,0.681,0.856,1.035,1.180,1.266,1.791,2.061,2.126,2.150,2.181
"2010/12/17",0.159,0.200,0.268,0.391,0.471,0.596,0.765,0.930,1.084,1.191,1.708,1.987,2.062,2.092,2.123
"2010/12/20",0.159,0.201,0.270,0.389,0.470,0.596,0.762,0.921,1.065,1.181,1.695,1.979,2.057,2.087,2.121
"2010/12/21",0.158,0.206,0.280,0.402,0.492,0.614,0.782,0.939,1.065,1.177,1.676,1.961,2.056,2.087,2.120
"2010/12/22",0.158,0.214,0.273,0.387,0.476,0.599,0.764,0.917,1.032,1.143,1.626,1.916,2.013,2.045,2.079
"2010/12/24",0.158,0.214,0.276,0.387,0.483,0.612,0.778,0.932,1.048,1.154,1.626,1.917,2.013,2.047,2.079
"2010/12/27",0.158,0.204,0.265,0.375,0.468,0.605,0.768,0.924,1.057,1.165,1.650,1.944,2.040,2.071,2.103
"2010/12/28",0.147,0.197,0.255,0.355,0.443,0.575,0.735,0.889,1.025,1.137,1.618,1.917,2.010,2.040,2.072
"2010/12/29",0.147,0.192,0.258,0.361,0.450,0.592,0.750,0.910,1.049,1.165,1.627,1.921,2.009,2.039,2.071
"2010/12/30",0.143,0.167,0.227,0.320,0.399,0.536,0.695,0.856,1.005,1.127,1.589,1.881,1.965,1.994,2.030
"2011/1/4",0.141,0.173,0.242,0.342,0.426,0.563,0.726,0.893,1.042,1.167,1.634,1.922,2.005,2.031,2.067
"2011/1/5",0.141,0.168,0.239,0.336,0.421,0.551,0.713,0.880,1.033,1.162,1.652,1.939,2.026,2.051,2.087
"2011/1/6",0.140,0.178,0.266,0.383,0.480,0.620,0.789,0.952,1.096,1.214,1.694,1.982,2.065,2.087,2.124
"2011/1/7",0.140,0.173,0.255,0.372,0.470,0.607,0.780,0.948,1.087,1.200,1.672,1.961,2.048,2.075,2.121
"2011/1/11",0.139,0.165,0.241,0.357,0.451,0.582,0.752,0.926,1.073,1.192,1.672,1.966,2.057,2.087,2.138
"2011/1/12",0.139,0.170,0.248,0.362,0.457,0.578,0.742,0.913,1.063,1.179,1.686,1.988,2.079,2.107,2.166
"2011/1/13",0.139,0.179,0.259,0.384,0.482,0.603,0.761,0.927,1.079,1.193,1.696,1.997,2.079,2.108,2.172
"2011/1/14",0.139,0.185,0.262,0.395,0.492,0.612,0.763,0.928,1.080,1.203,1.716,2.023,2.105,2.129,2.196
"2011/1/17",0.140,0.190,0.282,0.421,0.518,0.633,0.783,0.943,1.094,1.218,1.744,2.051,2.136,2.156,2.222
"2011/1/18",0.150,0.195,0.277,0.411,0.504,0.635,0.792,0.955,1.105,1.228,1.744,2.046,2.136,2.156,2.224
"2011/1/19",0.150,0.196,0.292,0.440,0.540,0.680,0.844,1.003,1.146,1.266,1.777,2.073,2.161,2.182,2.251
"2011/1/20",0.140,0.185,0.263,0.401,0.495,0.630,0.795,0.954,1.099,1.214,1.708,2.002,2.100,2.128,2.200
"2011/1/21",0.148,0.186,0.264,0.402,0.494,0.625,0.793,0.957,1.103,1.217,1.701,1.994,2.093,2.120,2.191
"2011/1/24",0.147,0.197,0.275,0.412,0.506,0.636,0.808,0.974,1.125,1.237,1.716,2.007,2.101,2.128,2.199
"2011/1/25",0.150,0.202,0.294,0.438,0.531,0.662,0.828,0.995,1.144,1.257,1.731,2.006,2.097,2.124,2.197
"2011/1/26",0.150,0.202,0.287,0.425,0.516,0.648,0.809,0.976,1.126,1.238,1.707,1.974,2.062,2.090,2.163
"2011/1/27",0.150,0.195,0.283,0.410,0.499,0.628,0.791,0.962,1.113,1.232,1.712,1.980,2.071,2.100,2.171
"2011/1/28",0.150,0.195,0.280,0.400,0.489,0.614,0.777,0.947,1.100,1.224,1.710,1.981,2.079,2.108,2.178
"2011/1/31",0.150,0.195,0.286,0.409,0.496,0.614,0.771,0.938,1.091,1.220,1.720,1.990,2.096,2.123,2.200
"2011/2/1",0.150,0.195,0.296,0.423,0.512,0.646,0.804,0.969,1.113,1.237,1.729,1.998,2.105,2.136,2.212
"2011/2/2",0.150,0.195,0.297,0.424,0.512,0.646,0.805,0.969,1.113,1.231,1.720,1.985,2.092,2.127,2.204
"2011/2/3",0.149,0.200,0.312,0.449,0.537,0.673,0.838,1.001,1.133,1.244,1.711,1.968,2.075,2.111,2.194
"2011/2/4",0.149,0.208,0.328,0.472,0.563,0.708,0.879,1.044,1.177,1.288,1.754,2.007,2.106,2.143,2.229
"2011/2/7",0.159,0.213,0.334,0.478,0.570,0.715,0.884,1.050,1.183,1.292,1.759,2.012,2.098,2.139,2.224
"2011/2/8",0.159,0.222,0.346,0.496,0.593,0.741,0.911,1.080,1.212,1.322,1.801,2.052,2.127,2.167,2.270
"2011/2/9",0.169,0.238,0.378,0.524,0.620,0.762,0.932,1.100,1.230,1.334,1.806,2.051,2.119,2.159,2.272
"2011/2/10",0.169,0.238,0.373,0.506,0.604,0.738,0.908,1.076,1.208,1.312,1.792,2.042,2.101,2.143,2.256
"2011/2/14",0.169,0.230,0.372,0.503,0.601,0.735,0.906,1.073,1.206,1.312,1.811,2.065,2.124,2.163,2.274
"2011/2/15",0.170,0.230,0.363,0.493,0.591,0.725,0.896,1.068,1.203,1.308,1.798,2.050,2.115,2.153,2.261
"2011/2/16",0.170,0.245,0.393,0.535,0.627,0.776,0.943,1.118,1.250,1.352,1.826,2.073,2.136,2.174,2.272
"2011/2/17",0.171,0.236,0.381,0.520,0.617,0.766,0.929,1.108,1.243,1.343,1.821,2.066,2.132,2.166,2.264
"2011/2/18",0.170,0.226,0.363,0.500,0.594,0.737,0.895,1.079,1.215,1.311,1.804,2.057,2.124,2.158,2.256
"2011/2/21",0.170,0.232,0.373,0.512,0.609,0.747,0.903,1.089,1.226,1.318,1.809,2.062,2.128,2.163,2.261
"2011/2/22",0.170,0.222,0.344,0.480,0.573,0.704,0.859,1.040,1.182,1.288,1.796,2.056,2.137,2.171,2.268
"2011/2/23",0.170,0.222,0.324,0.455,0.549,0.674,0.828,1.006,1.148,1.259,1.759,2.021,2.106,2.143,2.241
"2011/2/24",0.170,0.231,0.330,0.455,0.542,0.669,0.819,0.989,1.129,1.239,1.730,1.999,2.080,2.118,2.217
"2011/2/25",0.173,0.235,0.340,0.471,0.564,0.690,0.841,1.008,1.147,1.255,1.731,2.000,2.080,2.120,2.218
"2011/2/28",0.180,0.237,0.343,0.471,0.566,0.696,0.850,1.016,1.154,1.266,1.722,2.008,2.085,2.124,2.227
"2011/3/1",0.181,0.238,0.344,0.477,0.572,0.712,0.869,1.040,1.179,1.300,1.751,2.039,2.118,2.150,2.256
"2011/3/2",0.175,0.228,0.327,0.458,0.546,0.682,0.834,1.001,1.141,1.261,1.719,2.018,2.101,2.139,2.245
"2011/3/3",0.176,0.229,0.323,0.464,0.555,0.698,0.851,1.022,1.165,1.286,1.756,2.050,2.141,2.175,2.281
"2011/3/4",0.177,0.229,0.333,0.476,0.570,0.714,0.871,1.041,1.179,1.291,1.766,2.049,2.137,2.171,2.277
"2011/3/7",0.171,0.221,0.320,0.459,0.548,0.684,0.837,1.008,1.153,1.269,1.765,2.048,2.145,2.179,2.284
"2011/3/8",0.171,0.222,0.326,0.474,0.562,0.699,0.852,1.028,1.172,1.288,1.780,2.061,2.151,2.184,2.293
"2011/3/9",0.171,0.227,0.336,0.490,0.582,0.718,0.872,1.043,1.182,1.293,1.776,2.052,2.141,2.175,2.294
"2011/3/10",0.171,0.228,0.329,0.485,0.593,0.720,0.873,1.043,1.183,1.298,1.776,2.055,2.145,2.178,2.298
"2011/3/11",0.171,0.214,0.300,0.440,0.539,0.663,0.805,0.980,1.125,1.247,1.739,2.025,2.113,2.149,2.268
"2011/3/14",0.141,0.175,0.257,0.381,0.476,0.595,0.735,0.917,1.077,1.209,1.739,2.038,2.131,2.166,2.281
"2011/3/15",0.180,0.215,0.303,0.416,0.496,0.604,0.716,0.898,1.073,1.214,1.769,2.078,2.177,2.211,2.326
"2011/3/16",0.189,0.225,0.319,0.431,0.512,0.633,0.762,0.930,1.087,1.223,1.762,2.070,2.172,2.207,2.321
"2011/3/17",0.179,0.225,0.309,0.422,0.503,0.628,0.762,0.927,1.076,1.205,1.735,2.040,2.143,2.180,2.296
"2011/3/18",0.169,0.210,0.289,0.402,0.483,0.613,0.757,0.924,1.079,1.210,1.731,2.035,2.134,2.172,2.293
"2011/3/22",0.169,0.211,0.293,0.417,0.503,0.643,0.792,0.964,1.118,1.249,1.760,2.061,2.160,2.195,2.315
"2011/3/23",0.169,0.216,0.286,0.402,0.487,0.623,0.762,0.931,1.090,1.221,1.736,2.038,2.133,2.171,2.293
"2011/3/24",0.160,0.209,0.279,0.392,0.479,0.603,0.742,0.915,1.081,1.210,1.718,2.022,2.116,2.154,2.280
"2011/3/25",0.149,0.200,0.269,0.382,0.469,0.600,0.758,0.931,1.091,1.221,1.722,2.026,2.119,2.157,2.282
"2011/3/28",0.150,0.206,0.271,0.388,0.480,0.611,0.770,0.952,1.111,1.241,1.752,2.053,2.138,2.174,2.304
"2011/3/29",0.150,0.207,0.271,0.388,0.480,0.606,0.760,0.938,1.098,1.232,1.757,2.057,2.150,2.182,2.316
"2011/3/30",0.149,0.202,0.271,0.394,0.491,0.621,0.781,0.953,1.112,1.246,1.753,2.053,2.147,2.182,2.318
"2011/3/31",0.149,0.208,0.277,0.399,0.495,0.626,0.785,0.958,1.112,1.255,1.758,2.057,2.143,2.179,2.319
"2011/4/1",0.149,0.205,0.278,0.404,0.510,0.653,0.822,0.991,1.141,1.280,1.763,2.057,2.143,2.179,2.321
"2011/4/4",0.150,0.206,0.280,0.402,0.509,0.649,0.818,0.995,1.152,1.296,1.786,2.079,2.165,2.200,2.338
"2011/4/5",0.150,0.207,0.281,0.408,0.513,0.649,0.815,0.985,1.139,1.277,1.783,2.084,2.174,2.208,2.339
"2011/4/6",0.150,0.206,0.281,0.416,0.528,0.676,0.844,1.010,1.162,1.296,1.788,2.088,2.182,2.216,2.349
"2011/4/7",0.150,0.202,0.285,0.427,0.547,0.700,0.873,1.040,1.186,1.311,1.806,2.106,2.203,2.239,2.376
"2011/4/8",0.150,0.199,0.288,0.432,0.554,0.706,0.883,1.055,1.201,1.321,1.807,2.106,2.211,2.249,2.381
"2011/4/11",0.150,0.199,0.285,0.428,0.550,0.699,0.881,1.057,1.206,1.326,1.811,2.106,2.213,2.250,2.381
"2011/4/12",0.150,0.195,0.288,0.438,0.558,0.703,0.886,1.062,1.213,1.333,1.828,2.114,2.209,2.245,2.377
"2011/4/13",0.150,0.199,0.288,0.437,0.555,0.695,0.873,1.047,1.199,1.320,1.815,2.096,2.194,2.229,2.366
"2011/4/14",0.150,0.200,0.286,0.424,0.535,0.668,0.842,1.018,1.173,1.297,1.797,2.083,2.187,2.220,2.364
"2011/4/15",0.150,0.205,0.292,0.430,0.535,0.674,0.843,1.013,1.163,1.289,1.783,2.071,2.178,2.212,2.355
"2011/4/18",0.149,0.200,0.288,0.420,0.526,0.655,0.819,0.984,1.130,1.261,1.759,2.057,2.165,2.199,2.345
"2011/4/19",0.149,0.201,0.276,0.400,0.505,0.636,0.799,0.970,1.116,1.247,1.736,2.036,2.143,2.179,2.327
"2011/4/20",0.149,0.201,0.279,0.401,0.505,0.635,0.799,0.968,1.110,1.238,1.728,2.027,2.134,2.167,2.320
"2011/4/21",0.149,0.201,0.275,0.396,0.506,0.633,0.794,0.969,1.111,1.238,1.728,2.019,2.117,2.150,2.303
"2011/4/22",0.149,0.201,0.266,0.385,0.497,0.624,0.780,0.956,1.096,1.225,1.714,2.005,2.091,2.124,2.280
"2011/4/25",0.160,0.206,0.277,0.397,0.508,0.636,0.792,0.966,1.107,1.238,1.729,2.019,2.107,2.140,2.292
"2011/4/26",0.160,0.200,0.272,0.386,0.494,0.621,0.776,0.953,1.093,1.230,1.720,2.015,2.107,2.140,2.293
"2011/4/27",0.160,0.197,0.268,0.383,0.489,0.611,0.767,0.946,1.090,1.226,1.726,2.023,2.112,2.144,2.295
"2011/4/28",0.160,0.189,0.263,0.373,0.479,0.601,0.757,0.931,1.077,1.217,1.717,2.019,2.108,2.141,2.297
"2011/5/2",0.160,0.186,0.259,0.363,0.470,0.597,0.753,0.928,1.078,1.219,1.722,2.024,2.113,2.145,2.304
"2011/5/6",0.150,0.179,0.238,0.330,0.431,0.545,0.692,0.866,1.017,1.158,1.663,1.967,2.056,2.090,2.255
"2011/5/9",0.150,0.184,0.248,0.341,0.443,0.560,0.708,0.877,1.025,1.164,1.654,1.958,2.044,2.078,2.245
"2011/5/10",0.150,0.184,0.245,0.336,0.436,0.551,0.698,0.867,1.015,1.155,1.643,1.945,2.034,2.069,2.236
"2011/5/11",0.150,0.185,0.244,0.336,0.432,0.547,0.695,0.863,1.011,1.145,1.625,1.923,2.012,2.047,2.217
"2011/5/12",0.151,0.180,0.244,0.341,0.436,0.547,0.695,0.863,1.012,1.141,1.625,1.910,1.999,2.034,2.201
"2011/5/13",0.151,0.180,0.240,0.336,0.434,0.543,0.685,0.854,1.002,1.132,1.621,1.905,1.994,2.033,2.193
"2011/5/16",0.159,0.180,0.248,0.352,0.447,0.560,0.701,0.869,1.018,1.147,1.638,1.919,2.007,2.049,2.205
"2011/5/17",0.159,0.180,0.245,0.352,0.454,0.573,0.711,0.880,1.033,1.167,1.666,1.953,2.043,2.083,2.224
"2011/5/18",0.159,0.180,0.242,0.347,0.455,0.572,0.707,0.875,1.031,1.167,1.671,1.963,2.055,2.092,2.228
"2011/5/19",0.159,0.180,0.241,0.354,0.464,0.583,0.717,0.882,1.033,1.167,1.666,1.953,2.044,2.078,2.217
"2011/5/20",0.159,0.180,0.232,0.341,0.443,0.564,0.693,0.858,1.010,1.144,1.643,1.931,2.021,2.057,2.192
"2011/5/23",0.159,0.180,0.231,0.338,0.441,0.560,0.697,0.859,1.011,1.145,1.658,1.947,2.039,2.074,2.209
"2011/5/24",0.159,0.180,0.233,0.334,0.434,0.550,0.694,0.854,1.007,1.140,1.649,1.942,2.034,2.069,2.204
"2011/5/25",0.160,0.175,0.231,0.329,0.430,0.545,0.688,0.850,1.003,1.139,1.640,1.928,2.025,2.058,2.196
"2011/5/26",0.160,0.181,0.246,0.349,0.450,0.571,0.719,0.881,1.027,1.159,1.645,1.916,2.017,2.050,2.189
"2011/5/27",0.160,0.180,0.233,0.330,0.426,0.540,0.690,0.855,1.003,1.135,1.622,1.894,1.991,2.024,2.164
"2011/5/30",0.150,0.175,0.226,0.325,0.420,0.536,0.689,0.855,1.007,1.140,1.629,1.903,1.999,2.032,2.173
"2011/5/31",0.150,0.175,0.232,0.347,0.443,0.562,0.720,0.890,1.038,1.169,1.666,1.942,2.039,2.071,2.211
"2011/6/1",0.150,0.170,0.228,0.349,0.457,0.573,0.731,0.900,1.044,1.177,1.671,1.948,2.049,2.080,2.216
"2011/6/2",0.140,0.160,0.209,0.320,0.421,0.528,0.677,0.847,1.000,1.134,1.633,1.915,2.021,2.051,2.192
"2011/6/3",0.140,0.155,0.205,0.318,0.418,0.528,0.677,0.842,0.996,1.129,1.623,1.901,2.008,2.040,2.180
"2011/6/6",0.140,0.160,0.210,0.328,0.434,0.545,0.688,0.854,1.007,1.139,1.639,1.916,2.022,2.056,2.192
"2011/6/7",0.140,0.170,0.220,0.344,0.450,0.566,0.709,0.869,1.016,1.154,1.658,1.931,2.036,2.073,2.209
"2011/6/8",0.140,0.170,0.222,0.342,0.447,0.566,0.709,0.870,1.012,1.150,1.648,1.920,2.027,2.063,2.201
"2011/6/9",0.140,0.170,0.219,0.330,0.418,0.541,0.684,0.845,0.988,1.129,1.628,1.902,2.017,2.055,2.192
"2011/6/10",0.140,0.170,0.225,0.330,0.414,0.536,0.680,0.840,0.989,1.130,1.644,1.923,2.044,2.083,2.216
"2011/6/13",0.140,0.170,0.231,0.331,0.417,0.535,0.677,0.841,0.991,1.137,1.650,1.930,2.053,2.094,2.226
"2011/6/14",0.140,0.170,0.243,0.341,0.429,0.553,0.697,0.857,1.004,1.146,1.645,1.921,2.044,2.082,2.232
"2011/6/15",0.140,0.180,0.259,0.356,0.445,0.569,0.717,0.873,1.019,1.156,1.655,1.922,2.045,2.082,2.233
"2011/6/16",0.139,0.175,0.252,0.341,0.419,0.533,0.671,0.828,0.977,1.119,1.617,1.896,2.014,2.052,2.207
"2011/6/17",0.139,0.170,0.249,0.336,0.414,0.528,0.661,0.824,0.977,1.119,1.627,1.909,2.030,2.069,2.223
"2011/6/20",0.129,0.170,0.244,0.329,0.406,0.524,0.658,0.819,0.978,1.119,1.622,1.900,2.018,2.056,2.213
"2011/6/21",0.129,0.170,0.243,0.332,0.410,0.530,0.666,0.826,0.984,1.125,1.617,1.896,2.012,2.050,2.205
"2011/6/22",0.129,0.160,0.233,0.322,0.407,0.530,0.668,0.825,0.983,1.125,1.613,1.896,2.014,2.052,2.205
"2011/6/23",0.129,0.155,0.223,0.313,0.401,0.520,0.658,0.816,0.974,1.112,1.605,1.892,2.011,2.046,2.200
"2011/6/24",0.129,0.155,0.219,0.308,0.397,0.515,0.654,0.811,0.970,1.111,1.599,1.878,1.996,2.029,2.189
"2011/6/27",0.130,0.155,0.215,0.303,0.388,0.499,0.630,0.793,0.956,1.102,1.604,1.879,1.995,2.027,2.189
"2011/6/28",0.130,0.157,0.217,0.308,0.388,0.500,0.629,0.788,0.951,1.093,1.595,1.870,1.986,2.019,2.181
"2011/6/29",0.130,0.162,0.234,0.323,0.409,0.526,0.656,0.814,0.977,1.121,1.615,1.883,1.999,2.032,2.192
"2011/6/30",0.130,0.167,0.243,0.339,0.429,0.553,0.687,0.843,0.997,1.138,1.624,1.887,2.003,2.035,2.196
"2011/7/1",0.120,0.163,0.236,0.339,0.430,0.554,0.696,0.849,1.002,1.145,1.624,1.888,2.007,2.040,2.204
"2011/7/4",0.120,0.160,0.236,0.345,0.435,0.560,0.702,0.860,1.014,1.162,1.644,1.910,2.035,2.071,2.229
"2011/7/5",0.120,0.160,0.240,0.350,0.439,0.567,0.714,0.870,1.026,1.172,1.664,1.928,2.057,2.097,2.253
"2011/7/6",0.120,0.160,0.243,0.355,0.445,0.577,0.731,0.885,1.041,1.182,1.676,1.936,2.069,2.110,2.263
"2011/7/7",0.120,0.160,0.240,0.355,0.446,0.572,0.726,0.881,1.038,1.178,1.682,1.941,2.078,2.115,2.272
"2011/7/8",0.123,0.160,0.239,0.361,0.450,0.583,0.736,0.891,1.042,1.178,1.678,1.936,2.070,2.109,2.272
"2011/7/11",0.122,0.155,0.224,0.340,0.426,0.550,0.697,0.852,1.010,1.145,1.651,1.915,2.047,2.087,2.257
"2011/7/12",0.122,0.155,0.210,0.314,0.402,0.512,0.655,0.809,0.972,1.117,1.613,1.884,2.016,2.057,2.234
"2011/7/13",0.121,0.155,0.212,0.320,0.406,0.517,0.656,0.809,0.971,1.113,1.608,1.879,2.003,2.042,2.222
"2011/7/14",0.121,0.150,0.197,0.296,0.378,0.487,0.620,0.775,0.939,1.085,1.584,1.856,1.981,2.022,2.206
"2011/7/15",0.130,0.150,0.207,0.298,0.380,0.497,0.636,0.786,0.954,1.099,1.606,1.878,1.999,2.038,2.222
"2011/7/19",0.128,0.150,0.208,0.293,0.372,0.483,0.621,0.773,0.936,1.081,1.588,1.858,1.982,2.020,2.207
"2011/7/20",0.128,0.150,0.214,0.304,0.378,0.490,0.629,0.783,0.946,1.091,1.595,1.863,1.987,2.028,2.214
"2011/7/21",0.128,0.161,0.226,0.319,0.397,0.511,0.648,0.803,0.964,1.106,1.605,1.867,1.994,2.036,2.222
"2011/7/22",0.128,0.161,0.221,0.314,0.398,0.516,0.658,0.811,0.971,1.111,1.610,1.866,1.992,2.032,2.222
"2011/7/25",0.127,0.161,0.216,0.305,0.390,0.507,0.648,0.803,0.962,1.103,1.606,1.867,1.991,2.032,2.223
"2011/7/26",0.126,0.161,0.215,0.305,0.391,0.506,0.649,0.804,0.964,1.107,1.606,1.867,1.991,2.032,2.222
"2011/7/27",0.126,0.161,0.210,0.295,0.381,0.497,0.636,0.789,0.949,1.098,1.601,1.867,1.991,2.032,2.226
"2011/7/28",0.126,0.155,0.209,0.290,0.376,0.488,0.621,0.775,0.939,1.088,1.593,1.867,1.991,2.032,2.228
"2011/7/29",0.126,0.155,0.209,0.295,0.381,0.491,0.621,0.778,0.945,1.095,1.599,1.863,1.990,2.031,2.228
"2011/8/1",0.125,0.155,0.209,0.296,0.382,0.497,0.627,0.783,0.947,1.095,1.590,1.854,1.983,2.024,2.226
"2011/8/2",0.125,0.150,0.199,0.282,0.367,0.477,0.604,0.755,0.919,1.057,1.557,1.825,1.955,1.998,2.214
"2011/8/3",0.124,0.147,0.199,0.272,0.358,0.464,0.588,0.729,0.893,1.028,1.514,1.775,1.905,1.954,2.183
"2011/8/4",0.124,0.147,0.200,0.276,0.365,0.466,0.591,0.734,0.899,1.033,1.519,1.779,1.906,1.953,2.185
"2011/8/5",0.120,0.137,0.192,0.268,0.348,0.455,0.578,0.726,0.889,1.019,1.515,1.775,1.898,1.945,2.169
"2011/8/8",0.123,0.135,0.190,0.268,0.343,0.451,0.571,0.722,0.891,1.026,1.530,1.793,1.916,1.961,2.186
"2011/8/9",0.123,0.135,0.198,0.282,0.362,0.471,0.597,0.753,0.926,1.061,1.573,1.834,1.970,2.019,2.301
"2011/8/10",0.122,0.135,0.194,0.273,0.355,0.461,0.590,0.747,0.926,1.060,1.568,1.829,1.949,1.993,2.250
"2011/8/11",0.122,0.140,0.206,0.289,0.348,0.473,0.600,0.750,0.926,1.056,1.573,1.839,1.957,2.001,2.250
"2011/8/12",0.122,0.145,0.211,0.294,0.355,0.478,0.601,0.755,0.931,1.065,1.588,1.861,1.980,2.023,2.261
"2011/8/15",0.120,0.150,0.208,0.294,0.356,0.478,0.602,0.756,0.928,1.062,1.584,1.861,1.980,2.023,2.261
"2011/8/16",0.119,0.145,0.205,0.289,0.356,0.475,0.597,0.752,0.923,1.057,1.584,1.866,1.994,2.040,2.283
"2011/8/17",0.119,0.145,0.197,0.285,0.349,0.465,0.587,0.738,0.909,1.044,1.556,1.840,1.967,2.020,2.272
"2011/8/18",0.119,0.145,0.194,0.275,0.338,0.441,0.554,0.711,0.885,1.020,1.523,1.810,1.935,1.988,2.253
"2011/8/19",0.119,0.140,0.174,0.255,0.320,0.421,0.540,0.697,0.875,1.010,1.518,1.804,1.926,1.979,2.243
"2011/8/22",0.118,0.129,0.162,0.241,0.306,0.414,0.540,0.698,0.876,1.012,1.524,1.812,1.931,1.984,2.247
"2011/8/23",0.118,0.129,0.171,0.251,0.322,0.435,0.565,0.723,0.900,1.036,1.548,1.836,1.954,2.006,2.263
"2011/8/24",0.118,0.129,0.164,0.247,0.315,0.429,0.555,0.714,0.896,1.037,1.548,1.836,1.954,2.006,2.257
"2011/8/25",0.118,0.135,0.177,0.271,0.340,0.455,0.580,0.740,0.921,1.062,1.572,1.855,1.976,2.026,2.280
"2011/8/26",0.117,0.134,0.180,0.276,0.348,0.465,0.591,0.745,0.926,1.066,1.572,1.855,1.976,2.023,2.280
"2011/8/29",0.117,0.134,0.172,0.262,0.332,0.446,0.568,0.721,0.903,1.044,1.559,1.843,1.968,2.014,2.273
"2011/8/30",0.117,0.141,0.182,0.274,0.347,0.456,0.574,0.727,0.905,1.045,1.554,1.838,1.963,2.009,2.261
"2011/8/31",0.117,0.136,0.182,0.272,0.353,0.462,0.584,0.738,0.914,1.056,1.556,1.839,1.967,2.020,2.261
"2011/9/1",0.117,0.142,0.194,0.291,0.373,0.488,0.614,0.763,0.934,1.075,1.574,1.856,1.989,2.045,2.265
"2011/9/2",0.117,0.142,0.192,0.284,0.364,0.473,0.599,0.747,0.916,1.056,1.560,1.844,1.984,2.041,2.253
"2011/9/5",0.117,0.142,0.185,0.260,0.334,0.435,0.546,0.695,0.868,1.009,1.517,1.808,1.950,2.010,2.232
"2011/9/6",0.118,0.137,0.185,0.253,0.322,0.414,0.521,0.666,0.839,0.981,1.497,1.781,1.917,1.978,2.203
"2011/9/7",0.118,0.138,0.185,0.270,0.341,0.434,0.546,0.686,0.858,1.000,1.513,1.789,1.923,1.983,2.198
"2011/9/8",0.118,0.138,0.191,0.280,0.353,0.446,0.561,0.696,0.869,1.011,1.518,1.794,1.927,1.987,2.194
"2011/9/9",0.118,0.138,0.184,0.275,0.350,0.446,0.557,0.691,0.859,1.001,1.505,1.781,1.909,1.970,2.176
"2011/9/12",0.119,0.139,0.176,0.265,0.340,0.437,0.547,0.684,0.856,0.997,1.505,1.781,1.909,1.970,2.173
"2011/9/13",0.119,0.139,0.176,0.275,0.350,0.451,0.558,0.689,0.861,1.002,1.495,1.751,1.887,1.950,2.148
"2011/9/14",0.119,0.135,0.170,0.266,0.340,0.442,0.543,0.678,0.852,0.993,1.491,1.747,1.878,1.941,2.137
"2011/9/15",0.110,0.135,0.172,0.266,0.340,0.442,0.544,0.679,0.853,0.993,1.487,1.743,1.869,1.933,2.127
"2011/9/16",0.110,0.135,0.172,0.271,0.351,0.458,0.564,0.700,0.872,1.008,1.496,1.752,1.869,1.933,2.118
"2011/9/20",0.111,0.130,0.168,0.262,0.337,0.445,0.551,0.687,0.860,0.995,1.487,1.743,1.861,1.921,2.103
"2011/9/21",0.111,0.130,0.168,0.267,0.344,0.445,0.552,0.687,0.856,0.991,1.478,1.734,1.851,1.912,2.092
"2011/9/22",0.112,0.125,0.168,0.267,0.346,0.450,0.556,0.689,0.852,0.986,1.444,1.690,1.805,1.870,2.049
"2011/9/26",0.113,0.120,0.164,0.263,0.348,0.447,0.552,0.685,0.848,0.983,1.449,1.698,1.813,1.877,2.053
"2011/9/27",0.113,0.126,0.170,0.273,0.357,0.462,0.572,0.710,0.873,1.007,1.470,1.720,1.837,1.899,2.071
"2011/9/28",0.113,0.126,0.173,0.279,0.361,0.463,0.577,0.717,0.878,1.012,1.481,1.739,1.864,1.925,2.096
"2011/9/29",0.114,0.132,0.183,0.283,0.361,0.463,0.577,0.717,0.878,1.008,1.470,1.728,1.856,1.919,2.088
"2011/9/30",0.114,0.137,0.199,0.296,0.374,0.484,0.599,0.742,0.903,1.032,1.481,1.731,1.861,1.925,2.094
"2011/10/3",0.115,0.139,0.198,0.285,0.364,0.476,0.594,0.738,0.899,1.032,1.487,1.735,1.866,1.930,2.099
"2011/10/4",0.116,0.136,0.194,0.276,0.350,0.453,0.564,0.710,0.871,0.994,1.463,1.717,1.852,1.917,2.082
"2011/10/5",0.116,0.136,0.200,0.271,0.344,0.434,0.544,0.688,0.847,0.972,1.451,1.704,1.849,1.914,2.078
"2011/10/6",0.117,0.137,0.197,0.271,0.344,0.433,0.544,0.690,0.852,0.976,1.463,1.718,1.858,1.925,2.087
"2011/10/7",0.117,0.137,0.194,0.277,0.351,0.444,0.555,0.700,0.863,0.986,1.458,1.709,1.844,1.913,2.075
"2011/10/11",0.118,0.139,0.196,0.282,0.356,0.457,0.571,0.718,0.873,0.996,1.459,1.709,1.844,1.913,2.075
"2011/10/12",0.119,0.139,0.196,0.287,0.362,0.456,0.571,0.718,0.874,1.002,1.462,1.714,1.849,1.919,2.088
"2011/10/13",0.119,0.139,0.199,0.298,0.377,0.478,0.597,0.743,0.897,1.022,1.487,1.740,1.872,1.946,2.120
"2011/10/14",0.120,0.135,0.201,0.303,0.381,0.482,0.603,0.743,0.897,1.022,1.483,1.735,1.863,1.939,2.123
"2011/10/17",0.110,0.135,0.201,0.304,0.388,0.483,0.604,0.745,0.901,1.028,1.498,1.753,1.877,1.959,2.143
"2011/10/18",0.110,0.145,0.207,0.309,0.388,0.483,0.604,0.746,0.900,1.028,1.498,1.753,1.877,1.959,2.145
"2011/10/19",0.111,0.145,0.207,0.309,0.388,0.484,0.605,0.746,0.901,1.028,1.506,1.762,1.891,1.972,2.155
"2011/10/20",0.111,0.146,0.205,0.299,0.378,0.469,0.590,0.727,0.883,1.014,1.500,1.762,1.891,1.972,2.160
"2011/10/21",0.111,0.146,0.206,0.299,0.378,0.469,0.591,0.732,0.888,1.014,1.505,1.770,1.895,1.976,2.171
"2011/10/24",0.112,0.146,0.208,0.301,0.383,0.480,0.602,0.744,0.904,1.029,1.515,1.774,1.901,1.980,2.180
"2011/10/25",0.112,0.146,0.206,0.296,0.379,0.476,0.592,0.738,0.898,1.025,1.505,1.764,1.887,1.968,2.180
"2011/10/26",0.112,0.142,0.195,0.279,0.358,0.450,0.560,0.705,0.870,1.001,1.485,1.745,1.869,1.952,2.180
"2011/10/27",0.113,0.141,0.195,0.286,0.365,0.466,0.575,0.720,0.887,1.021,1.501,1.761,1.881,1.960,2.193
"2011/10/28",0.113,0.143,0.204,0.303,0.385,0.497,0.613,0.758,0.921,1.050,1.525,1.780,1.903,1.980,2.213
"2011/10/31",0.114,0.143,0.207,0.308,0.392,0.503,0.619,0.764,0.928,1.056,1.535,1.789,1.908,1.985,2.221
"2011/11/1",0.114,0.143,0.204,0.298,0.381,0.487,0.597,0.744,0.904,1.032,1.521,1.781,1.900,1.977,2.213
"2011/11/2",0.115,0.139,0.190,0.283,0.361,0.463,0.570,0.715,0.875,1.003,1.488,1.745,1.868,1.947,2.189
"2011/11/4",0.115,0.136,0.187,0.278,0.357,0.455,0.563,0.711,0.871,1.000,1.479,1.737,1.864,1.944,2.188
"2011/11/7",0.117,0.134,0.181,0.273,0.353,0.449,0.558,0.708,0.867,1.001,1.484,1.746,1.877,1.956,2.205
"2011/11/8",0.117,0.130,0.178,0.268,0.346,0.439,0.548,0.693,0.853,0.992,1.475,1.746,1.881,1.960,2.219
"2011/11/9",0.117,0.130,0.182,0.273,0.358,0.446,0.554,0.698,0.858,0.992,1.479,1.752,1.887,1.968,2.228
"2011/11/10",0.118,0.130,0.176,0.263,0.348,0.437,0.539,0.684,0.845,0.978,1.464,1.729,1.855,1.939,2.182
"2011/11/11",0.118,0.125,0.176,0.269,0.354,0.443,0.544,0.684,0.846,0.979,1.460,1.719,1.833,1.919,2.154
"2011/11/14",0.119,0.130,0.182,0.275,0.358,0.450,0.554,0.695,0.856,0.990,1.475,1.737,1.854,1.938,2.167
"2011/11/15",0.120,0.130,0.182,0.270,0.343,0.441,0.549,0.686,0.847,0.981,1.466,1.728,1.846,1.930,2.160
"2011/11/16",0.120,0.130,0.180,0.262,0.330,0.428,0.534,0.671,0.832,0.966,1.462,1.729,1.855,1.943,2.173
"2011/11/17",0.120,0.125,0.180,0.262,0.330,0.428,0.539,0.675,0.837,0.972,1.460,1.729,1.861,1.952,2.182
"2011/11/18",0.120,0.120,0.175,0.253,0.320,0.419,0.526,0.665,0.828,0.961,1.451,1.718,1.847,1.940,2.167
"2011/11/21",0.119,0.125,0.179,0.258,0.326,0.429,0.537,0.677,0.840,0.972,1.457,1.720,1.843,1.936,2.163
"2011/11/22",0.119,0.125,0.180,0.261,0.332,0.435,0.542,0.682,0.850,0.983,1.467,1.721,1.838,1.931,2.160
"2011/11/24",0.121,0.129,0.185,0.268,0.340,0.450,0.558,0.697,0.865,0.999,1.482,1.727,1.838,1.928,2.152
"2011/11/25",0.121,0.140,0.203,0.292,0.371,0.495,0.609,0.748,0.914,1.043,1.530,1.771,1.877,1.961,2.174
"2011/11/28",0.121,0.145,0.220,0.321,0.400,0.532,0.655,0.793,0.951,1.072,1.563,1.802,1.910,1.990,2.203
"2011/11/29",0.121,0.145,0.220,0.325,0.406,0.537,0.668,0.809,0.964,1.080,1.564,1.806,1.908,1.986,2.196
"2011/11/30",0.121,0.140,0.211,0.315,0.397,0.532,0.664,0.808,0.966,1.082,1.559,1.807,1.907,1.986,2.192
"2011/12/1",0.121,0.135,0.204,0.311,0.393,0.522,0.654,0.799,0.961,1.082,1.555,1.807,1.911,1.990,2.191
"2011/12/2",0.121,0.130,0.192,0.296,0.375,0.502,0.634,0.776,0.938,1.063,1.531,1.787,1.898,1.977,2.175
"2011/12/5",0.122,0.125,0.189,0.292,0.371,0.494,0.626,0.762,0.920,1.045,1.513,1.770,1.888,1.968,2.160
"2011/12/6",0.121,0.125,0.189,0.292,0.371,0.494,0.626,0.762,0.915,1.040,1.508,1.764,1.879,1.961,2.152
"2011/12/7",0.121,0.130,0.192,0.297,0.376,0.494,0.631,0.769,0.921,1.045,1.518,1.774,1.889,1.974,2.158
"2011/12/8",0.121,0.130,0.196,0.295,0.373,0.480,0.613,0.755,0.911,1.035,1.519,1.774,1.872,1.958,2.149
"2011/12/9",0.121,0.130,0.196,0.280,0.363,0.464,0.586,0.724,0.887,1.012,1.499,1.755,1.849,1.937,2.131
"2011/12/12",0.120,0.130,0.209,0.290,0.370,0.470,0.592,0.731,0.892,1.017,1.500,1.755,1.854,1.946,2.140
"2011/12/13",0.120,0.130,0.199,0.276,0.350,0.450,0.568,0.706,0.873,0.998,1.481,1.744,1.853,1.945,2.139
"2011/12/14",0.120,0.130,0.196,0.276,0.345,0.450,0.563,0.702,0.869,0.993,1.477,1.740,1.840,1.931,2.122
"2011/12/15",0.120,0.125,0.192,0.275,0.345,0.445,0.555,0.692,0.859,0.982,1.477,1.744,1.844,1.936,2.124
"2011/12/16",0.119,0.130,0.192,0.278,0.345,0.452,0.560,0.701,0.865,0.984,1.480,1.744,1.845,1.939,2.127
"2011/12/19",0.119,0.130,0.192,0.278,0.345,0.446,0.554,0.702,0.862,0.975,1.473,1.735,1.835,1.932,2.123
"2011/12/20",0.119,0.130,0.192,0.278,0.345,0.453,0.560,0.710,0.867,0.981,1.471,1.731,1.830,1.924,2.118
"2011/12/21",0.119,0.134,0.192,0.278,0.346,0.453,0.563,0.707,0.867,0.981,1.469,1.731,1.831,1.926,2.120
"2011/12/22",0.119,0.130,0.192,0.278,0.346,0.448,0.560,0.701,0.863,0.982,1.474,1.739,1.840,1.937,2.132
"2011/12/26",0.119,0.130,0.195,0.278,0.349,0.449,0.561,0.703,0.864,0.982,1.475,1.740,1.840,1.937,2.133
"2011/12/27",0.119,0.131,0.195,0.280,0.349,0.455,0.569,0.709,0.870,0.987,1.470,1.736,1.831,1.929,2.121
"2011/12/28",0.119,0.131,0.196,0.285,0.353,0.465,0.582,0.724,0.885,1.002,1.490,1.753,1.849,1.946,2.138
"2011/12/29",0.119,0.131,0.196,0.285,0.353,0.460,0.573,0.720,0.880,0.998,1.490,1.754,1.849,1.942,2.133
"2011/12/30",0.119,0.131,0.195,0.281,0.343,0.450,0.560,0.706,0.871,0.987,1.476,1.740,1.832,1.921,2.109
"2012/1/4",0.119,0.132,0.196,0.281,0.350,0.455,0.568,0.713,0.878,0.997,1.482,1.748,1.845,1.933,2.115
"2012/1/5",0.119,0.127,0.191,0.271,0.340,0.448,0.563,0.704,0.868,0.993,1.477,1.745,1.846,1.934,2.115
"2012/1/6",0.119,0.127,0.191,0.271,0.340,0.443,0.559,0.699,0.864,0.989,1.482,1.748,1.850,1.937,2.121
"2012/1/10",0.121,0.128,0.191,0.273,0.341,0.444,0.560,0.700,0.861,0.986,1.474,1.741,1.841,1.927,2.113
"2012/1/11",0.121,0.129,0.191,0.273,0.341,0.444,0.555,0.696,0.857,0.977,1.469,1.737,1.845,1.930,2.116
"2012/1/12",0.120,0.129,0.191,0.272,0.342,0.439,0.545,0.687,0.847,0.964,1.469,1.737,1.854,1.938,2.124
"2012/1/13",0.120,0.129,0.193,0.272,0.342,0.438,0.543,0.682,0.838,0.955,1.460,1.729,1.855,1.938,2.125
"2012/1/16",0.119,0.125,0.194,0.267,0.339,0.429,0.531,0.669,0.825,0.945,1.447,1.715,1.841,1.923,2.112
"2012/1/17",0.119,0.125,0.198,0.277,0.349,0.444,0.550,0.689,0.845,0.970,1.472,1.737,1.860,1.938,2.125
"2012/1/18",0.129,0.126,0.198,0.277,0.347,0.446,0.555,0.695,0.850,0.975,1.477,1.741,1.860,1.938,2.121
"2012/1/19",0.129,0.126,0.194,0.274,0.338,0.440,0.553,0.695,0.850,0.976,1.479,1.746,1.866,1.943,2.128
"2012/1/20",0.128,0.126,0.200,0.279,0.346,0.452,0.569,0.713,0.866,0.990,1.490,1.754,1.869,1.946,2.135
"2012/1/23",0.127,0.126,0.204,0.289,0.360,0.469,0.585,0.730,0.881,1.006,1.505,1.763,1.873,1.950,2.142
"2012/1/24",0.127,0.127,0.204,0.292,0.364,0.475,0.596,0.740,0.892,1.015,1.510,1.763,1.870,1.946,2.142
"2012/1/25",0.127,0.127,0.206,0.292,0.363,0.471,0.591,0.735,0.892,1.016,1.517,1.768,1.874,1.948,2.149
"2012/1/26",0.126,0.127,0.200,0.276,0.349,0.449,0.558,0.706,0.863,0.992,1.488,1.750,1.863,1.943,2.141
"2012/1/27",0.126,0.127,0.201,0.270,0.338,0.439,0.549,0.691,0.849,0.977,1.470,1.738,1.851,1.931,2.133
"2012/1/30",0.125,0.127,0.201,0.273,0.339,0.436,0.544,0.688,0.845,0.970,1.465,1.733,1.851,1.931,2.133
"2012/1/31",0.124,0.127,0.203,0.278,0.343,0.440,0.550,0.694,0.851,0.974,1.471,1.733,1.846,1.922,2.138
"2012/2/1",0.124,0.128,0.203,0.276,0.340,0.435,0.545,0.690,0.846,0.970,1.466,1.723,1.833,1.911,2.129
"2012/2/2",0.124,0.128,0.197,0.271,0.336,0.431,0.539,0.681,0.837,0.961,1.471,1.727,1.833,1.904,2.125
"2012/2/3",0.123,0.128,0.192,0.268,0.333,0.436,0.542,0.686,0.839,0.962,1.467,1.724,1.833,1.907,2.121
"2012/2/6",0.122,0.128,0.196,0.273,0.346,0.453,0.565,0.708,0.860,0.982,1.477,1.731,1.838,1.911,2.120
"2012/2/7",0.122,0.129,0.196,0.273,0.346,0.453,0.567,0.709,0.864,0.986,1.487,1.746,1.856,1.927,2.134
"2012/2/8",0.122,0.129,0.197,0.285,0.361,0.469,0.591,0.731,0.883,1.001,1.501,1.755,1.865,1.936,2.138
"2012/2/9",0.121,0.124,0.194,0.280,0.357,0.464,0.586,0.727,0.879,1.001,1.497,1.757,1.874,1.943,2.146
"2012/2/10",0.121,0.124,0.188,0.276,0.354,0.459,0.577,0.717,0.870,0.992,1.487,1.750,1.874,1.943,2.146
"2012/2/13",0.120,0.125,0.190,0.276,0.355,0.460,0.578,0.718,0.871,0.993,1.489,1.752,1.882,1.951,2.154
"2012/2/14",0.119,0.115,0.182,0.261,0.338,0.445,0.563,0.704,0.856,0.982,1.479,1.751,1.882,1.952,2.158
"2012/2/15",0.110,0.105,0.174,0.256,0.331,0.435,0.554,0.694,0.852,0.980,1.474,1.751,1.877,1.952,2.164
"2012/2/16",0.109,0.105,0.161,0.242,0.309,0.415,0.529,0.674,0.833,0.960,1.464,1.742,1.860,1.936,2.154
"2012/2/17",0.109,0.105,0.151,0.242,0.309,0.421,0.542,0.685,0.838,0.966,1.466,1.733,1.847,1.923,2.143
"2012/2/20",0.108,0.105,0.150,0.242,0.310,0.422,0.544,0.686,0.839,0.967,1.468,1.731,1.838,1.915,2.134
"2012/2/21",0.108,0.105,0.150,0.245,0.319,0.433,0.559,0.702,0.854,0.981,1.482,1.746,1.852,1.928,2.150
"2012/2/22",0.107,0.105,0.150,0.245,0.327,0.442,0.574,0.717,0.870,0.995,1.497,1.759,1.865,1.941,2.162
"2012/2/23",0.107,0.105,0.150,0.247,0.326,0.444,0.573,0.718,0.870,0.997,1.501,1.763,1.875,1.949,2.163
"2012/2/24",0.109,0.104,0.148,0.243,0.323,0.439,0.569,0.712,0.865,0.992,1.502,1.764,1.879,1.952,2.163
"2012/2/27",0.110,0.104,0.148,0.243,0.316,0.439,0.570,0.714,0.867,0.992,1.507,1.769,1.879,1.952,2.159
"2012/2/28",0.110,0.110,0.147,0.239,0.317,0.430,0.556,0.703,0.857,0.983,1.494,1.760,1.875,1.949,2.154
"2012/2/29",0.109,0.109,0.145,0.233,0.312,0.424,0.551,0.694,0.852,0.977,1.484,1.751,1.870,1.948,2.147
"2012/3/1",0.109,0.110,0.145,0.227,0.313,0.424,0.551,0.694,0.848,0.972,1.475,1.751,1.870,1.948,2.149
"2012/3/2",0.109,0.110,0.148,0.233,0.318,0.439,0.570,0.709,0.863,0.986,1.489,1.764,1.876,1.955,2.155
"2012/3/5",0.110,0.111,0.151,0.228,0.314,0.435,0.566,0.706,0.860,0.984,1.490,1.769,1.882,1.961,2.163
"2012/3/6",0.113,0.112,0.151,0.228,0.314,0.430,0.562,0.701,0.855,0.983,1.489,1.769,1.883,1.966,2.163
"2012/3/7",0.113,0.112,0.151,0.219,0.305,0.416,0.547,0.687,0.845,0.974,1.480,1.765,1.879,1.958,2.152
"2012/3/8",0.113,0.113,0.151,0.226,0.299,0.421,0.558,0.697,0.856,0.983,1.490,1.770,1.875,1.954,2.143
"2012/3/9",0.112,0.113,0.150,0.226,0.299,0.421,0.552,0.697,0.856,0.984,1.495,1.774,1.884,1.961,2.142
"2012/3/12",0.111,0.110,0.147,0.216,0.295,0.412,0.538,0.684,0.842,0.970,1.486,1.770,1.879,1.958,2.139
"2012/3/13",0.111,0.110,0.147,0.216,0.295,0.412,0.536,0.684,0.843,0.970,1.476,1.762,1.869,1.945,2.123
"2012/3/14",0.111,0.105,0.150,0.231,0.315,0.448,0.586,0.735,0.881,1.004,1.509,1.783,1.888,1.958,2.131
"2012/3/15",0.110,0.110,0.166,0.275,0.373,0.520,0.665,0.815,0.950,1.056,1.568,1.822,1.925,1.986,2.151
"2012/3/16",0.110,0.110,0.163,0.268,0.364,0.505,0.651,0.804,0.942,1.046,1.544,1.805,1.911,1.975,2.144
"2012/3/19",0.109,0.110,0.156,0.258,0.350,0.491,0.637,0.792,0.929,1.033,1.526,1.787,1.893,1.958,2.132
"2012/3/21",0.108,0.111,0.159,0.253,0.345,0.481,0.627,0.778,0.915,1.019,1.508,1.774,1.880,1.946,2.123
"2012/3/22",0.108,0.111,0.159,0.253,0.347,0.481,0.627,0.778,0.915,1.025,1.512,1.779,1.889,1.954,2.132
"2012/3/23",0.107,0.111,0.158,0.248,0.341,0.476,0.623,0.773,0.910,1.025,1.508,1.775,1.889,1.954,2.132
"2012/3/26",0.106,0.111,0.158,0.243,0.332,0.467,0.607,0.760,0.900,1.014,1.503,1.770,1.884,1.950,2.128
"2012/3/27",0.109,0.110,0.158,0.246,0.332,0.467,0.608,0.760,0.901,1.015,1.508,1.774,1.889,1.954,2.132
"2012/3/28",0.109,0.110,0.158,0.241,0.322,0.452,0.594,0.745,0.886,1.002,1.499,1.770,1.889,1.954,2.132
"2012/3/29",0.110,0.114,0.164,0.241,0.323,0.449,0.590,0.741,0.878,0.993,1.490,1.764,1.884,1.950,2.132
"2012/3/30",0.109,0.115,0.164,0.241,0.323,0.449,0.590,0.736,0.874,0.988,1.476,1.752,1.871,1.938,2.120
"2012/4/2",0.110,0.116,0.170,0.256,0.344,0.470,0.616,0.762,0.900,1.014,1.500,1.774,1.893,1.959,2.140
"2012/4/3",0.114,0.116,0.170,0.261,0.349,0.481,0.632,0.778,0.919,1.028,1.524,1.801,1.920,1.984,2.164
"2012/4/4",0.113,0.116,0.170,0.261,0.349,0.481,0.632,0.778,0.920,1.028,1.524,1.801,1.920,1.984,2.162
"2012/4/5",0.113,0.117,0.169,0.246,0.335,0.461,0.617,0.761,0.900,1.007,1.506,1.778,1.898,1.963,2.140
"2012/4/6",0.113,0.113,0.165,0.238,0.318,0.441,0.588,0.736,0.881,0.992,1.496,1.771,1.897,1.963,2.140
"2012/4/9",0.112,0.114,0.165,0.227,0.305,0.422,0.563,0.711,0.857,0.973,1.478,1.753,1.880,1.946,2.128
"2012/4/10",0.111,0.114,0.158,0.222,0.301,0.413,0.547,0.696,0.843,0.959,1.458,1.736,1.862,1.930,2.120
"2012/4/11",0.111,0.114,0.155,0.222,0.301,0.410,0.539,0.686,0.833,0.955,1.454,1.732,1.861,1.930,2.124
"2012/4/12",0.111,0.114,0.155,0.222,0.302,0.416,0.543,0.689,0.834,0.955,1.459,1.727,1.852,1.921,2.117
"2012/4/13",0.110,0.115,0.155,0.217,0.298,0.412,0.538,0.686,0.829,0.950,1.464,1.731,1.847,1.913,2.112
"2012/4/16",0.110,0.110,0.157,0.214,0.293,0.408,0.529,0.677,0.821,0.942,1.457,1.731,1.848,1.913,2.113
"2012/4/17",0.109,0.110,0.156,0.214,0.293,0.407,0.524,0.672,0.816,0.937,1.447,1.723,1.842,1.909,2.107
"2012/4/18",0.109,0.110,0.160,0.219,0.300,0.414,0.535,0.683,0.826,0.946,1.453,1.728,1.843,1.909,2.109
"2012/4/19",0.109,0.105,0.156,0.214,0.294,0.409,0.530,0.678,0.821,0.948,1.452,1.727,1.848,1.913,2.113
"2012/4/20",0.108,0.105,0.149,0.209,0.290,0.404,0.525,0.674,0.817,0.945,1.458,1.735,1.857,1.922,2.121
"2012/4/23",0.107,0.106,0.143,0.199,0.275,0.384,0.507,0.651,0.798,0.930,1.444,1.724,1.847,1.913,2.113
"2012/4/24",0.107,0.106,0.145,0.205,0.280,0.395,0.522,0.667,0.813,0.943,1.449,1.726,1.852,1.918,2.120
"2012/4/25",0.107,0.106,0.145,0.207,0.282,0.395,0.521,0.661,0.803,0.935,1.439,1.717,1.843,1.909,2.113
"2012/4/26",0.110,0.108,0.146,0.208,0.285,0.396,0.521,0.661,0.798,0.925,1.430,1.713,1.837,1.905,2.108
"2012/4/27",0.110,0.109,0.129,0.189,0.266,0.371,0.496,0.632,0.774,0.902,1.411,1.700,1.830,1.901,2.105
"2012/5/1",0.110,0.108,0.127,0.187,0.267,0.367,0.492,0.629,0.771,0.893,1.391,1.679,1.808,1.880,2.085
"2012/5/2",0.110,0.108,0.125,0.192,0.272,0.377,0.509,0.644,0.781,0.903,1.401,1.683,1.812,1.884,2.088
"2012/5/7",0.113,0.109,0.121,0.179,0.258,0.356,0.481,0.617,0.753,0.876,1.368,1.653,1.776,1.850,2.061
"2012/5/8",0.113,0.109,0.127,0.188,0.268,0.371,0.497,0.632,0.764,0.883,1.378,1.662,1.782,1.854,2.064
"2012/5/9",0.112,0.109,0.122,0.179,0.258,0.357,0.481,0.613,0.746,0.869,1.368,1.653,1.771,1.845,2.051
"2012/5/10",0.112,0.109,0.122,0.184,0.263,0.371,0.497,0.628,0.761,0.878,1.378,1.657,1.775,1.849,2.051
"2012/5/11",0.112,0.109,0.120,0.174,0.254,0.355,0.477,0.613,0.747,0.865,1.374,1.661,1.779,1.855,2.054
"2012/5/14",0.111,0.105,0.120,0.174,0.254,0.356,0.477,0.615,0.748,0.866,1.374,1.657,1.775,1.850,2.056
"2012/5/15",0.110,0.105,0.119,0.179,0.259,0.362,0.489,0.620,0.753,0.871,1.369,1.649,1.766,1.837,2.031
"2012/5/16",0.110,0.100,0.110,0.165,0.245,0.343,0.463,0.595,0.728,0.847,1.345,1.623,1.736,1.808,2.002
"2012/5/17",0.109,0.100,0.110,0.175,0.246,0.363,0.489,0.616,0.752,0.867,1.360,1.631,1.740,1.812,2.002
"2012/5/18",0.109,0.100,0.105,0.160,0.236,0.350,0.469,0.596,0.733,0.847,1.336,1.601,1.704,1.778,1.965
"2012/5/21",0.108,0.100,0.106,0.168,0.249,0.371,0.495,0.622,0.763,0.877,1.375,1.639,1.744,1.815,2.001
"2012/5/22",0.108,0.100,0.105,0.165,0.243,0.365,0.491,0.618,0.764,0.876,1.376,1.647,1.754,1.825,2.009
"2012/5/23",0.107,0.100,0.105,0.165,0.244,0.366,0.491,0.618,0.766,0.881,1.386,1.663,1.775,1.845,2.025
"2012/5/24",0.107,0.100,0.105,0.170,0.250,0.371,0.502,0.627,0.774,0.885,1.381,1.655,1.772,1.838,2.019
"2012/5/25",0.107,0.100,0.102,0.171,0.249,0.374,0.511,0.639,0.788,0.899,1.405,1.684,1.809,1.870,2.049
"2012/5/28",0.106,0.100,0.101,0.167,0.243,0.371,0.507,0.635,0.784,0.895,1.401,1.680,1.805,1.866,2.045
"2012/5/29",0.105,0.100,0.101,0.156,0.234,0.352,0.478,0.605,0.755,0.868,1.367,1.647,1.768,1.832,2.014
"2012/5/30",0.105,0.100,0.102,0.157,0.235,0.352,0.474,0.601,0.750,0.863,1.362,1.643,1.764,1.827,2.006
"2012/5/31",0.105,0.100,0.102,0.148,0.225,0.337,0.459,0.581,0.731,0.848,1.343,1.625,1.745,1.810,1.989
"2012/6/1",0.104,0.100,0.101,0.143,0.218,0.323,0.438,0.561,0.711,0.836,1.334,1.624,1.746,1.810,1.986
"2012/6/4",0.103,0.100,0.100,0.148,0.226,0.329,0.443,0.568,0.717,0.843,1.344,1.637,1.760,1.823,1.998
"2012/6/5",0.103,0.100,0.103,0.157,0.240,0.353,0.480,0.609,0.757,0.878,1.383,1.675,1.801,1.862,2.034
"2012/6/6",0.103,0.100,0.103,0.148,0.232,0.334,0.460,0.594,0.743,0.863,1.374,1.668,1.801,1.862,2.033
"2012/6/7",0.102,0.100,0.102,0.139,0.222,0.329,0.459,0.595,0.748,0.872,1.384,1.685,1.824,1.883,2.053
"2012/6/8",0.102,0.100,0.102,0.139,0.220,0.319,0.440,0.575,0.724,0.849,1.355,1.660,1.796,1.858,2.029
"2012/6/11",0.101,0.100,0.102,0.149,0.229,0.335,0.462,0.595,0.745,0.867,1.375,1.668,1.806,1.867,2.038
"2012/6/12",0.101,0.100,0.101,0.146,0.218,0.320,0.437,0.571,0.721,0.845,1.365,1.665,1.806,1.867,2.038
"2012/6/13",0.100,0.100,0.101,0.151,0.227,0.330,0.447,0.582,0.731,0.855,1.384,1.686,1.841,1.900,2.070
"2012/6/14",0.100,0.100,0.101,0.151,0.229,0.331,0.451,0.587,0.736,0.860,1.375,1.678,1.841,1.904,2.085
"2012/6/15",0.110,0.100,0.101,0.151,0.229,0.326,0.448,0.583,0.727,0.850,1.368,1.668,1.827,1.891,2.074
"2012/6/18",0.109,0.100,0.103,0.146,0.226,0.322,0.438,0.574,0.717,0.837,1.362,1.663,1.813,1.875,2.058
"2012/6/19",0.109,0.100,0.103,0.137,0.216,0.307,0.413,0.549,0.693,0.813,1.342,1.647,1.801,1.867,2.049
"2012/6/20",0.108,0.100,0.103,0.142,0.220,0.318,0.429,0.561,0.704,0.824,1.352,1.660,1.814,1.880,2.062
"2012/6/21",0.108,0.100,0.102,0.142,0.216,0.313,0.424,0.555,0.700,0.824,1.352,1.669,1.833,1.896,2.081
"2012/6/22",0.108,0.100,0.102,0.142,0.217,0.313,0.435,0.565,0.705,0.828,1.338,1.661,1.824,1.892,2.082
"2012/6/25",0.107,0.100,0.101,0.142,0.217,0.313,0.435,0.568,0.710,0.832,1.348,1.670,1.834,1.901,2.090
"2012/6/26",0.107,0.100,0.101,0.139,0.211,0.310,0.425,0.557,0.701,0.825,1.344,1.665,1.833,1.901,2.090
"2012/6/27",0.106,0.100,0.101,0.134,0.208,0.304,0.416,0.548,0.691,0.811,1.324,1.652,1.821,1.893,2.090
"2012/6/28",0.106,0.100,0.101,0.139,0.212,0.309,0.427,0.558,0.702,0.821,1.328,1.648,1.811,1.884,2.089
"2012/6/29",0.106,0.100,0.103,0.145,0.218,0.320,0.438,0.574,0.717,0.839,1.348,1.665,1.830,1.902,2.107
"2012/7/2",0.105,0.100,0.103,0.140,0.213,0.316,0.430,0.566,0.708,0.831,1.334,1.648,1.809,1.886,2.087
"2012/7/3",0.104,0.100,0.102,0.135,0.209,0.311,0.423,0.560,0.699,0.819,1.330,1.644,1.801,1.879,2.075
"2012/7/4",0.104,0.100,0.102,0.135,0.209,0.312,0.429,0.565,0.699,0.819,1.338,1.653,1.812,1.890,2.082
"2012/7/5",0.104,0.100,0.102,0.135,0.205,0.306,0.423,0.556,0.690,0.810,1.331,1.653,1.815,1.896,2.087
"2012/7/6",0.103,0.100,0.102,0.130,0.199,0.297,0.413,0.551,0.685,0.805,1.316,1.635,1.807,1.891,2.082
"2012/7/9",0.102,0.100,0.101,0.125,0.196,0.286,0.399,0.537,0.676,0.796,1.311,1.631,1.798,1.884,2.075
"2012/7/10",0.102,0.100,0.101,0.127,0.196,0.286,0.400,0.537,0.676,0.797,1.307,1.626,1.785,1.865,2.059
"2012/7/11",0.102,0.100,0.101,0.122,0.190,0.281,0.391,0.527,0.667,0.788,1.297,1.609,1.757,1.841,2.034
"2012/7/12",0.101,0.100,0.100,0.113,0.180,0.266,0.375,0.507,0.649,0.774,1.290,1.609,1.758,1.839,2.035
"2012/7/13",0.101,0.100,0.100,0.116,0.186,0.275,0.386,0.513,0.652,0.774,1.280,1.596,1.746,1.823,2.024
"2012/7/17",0.109,0.100,0.102,0.117,0.187,0.278,0.387,0.514,0.654,0.775,1.276,1.583,1.732,1.811,2.012
"2012/7/18",0.109,0.100,0.102,0.116,0.187,0.273,0.372,0.500,0.640,0.760,1.256,1.564,1.709,1.789,1.987
"2012/7/19",0.109,0.100,0.102,0.118,0.187,0.273,0.367,0.490,0.627,0.747,1.236,1.538,1.677,1.758,1.956
"2012/7/20",0.108,0.100,0.102,0.117,0.187,0.274,0.372,0.495,0.633,0.752,1.256,1.561,1.700,1.781,1.976
"2012/7/23",0.108,0.100,0.101,0.118,0.178,0.266,0.356,0.476,0.614,0.733,1.232,1.539,1.683,1.767,1.966
"2012/7/24",0.107,0.100,0.103,0.123,0.183,0.277,0.366,0.487,0.625,0.743,1.247,1.562,1.713,1.798,1.994
"2012/7/25",0.107,0.100,0.103,0.118,0.179,0.268,0.356,0.477,0.615,0.734,1.237,1.557,1.717,1.802,1.998
"2012/7/26",0.107,0.100,0.102,0.123,0.184,0.277,0.372,0.492,0.630,0.743,1.248,1.553,1.713,1.798,1.994
"2012/7/27",0.106,0.100,0.102,0.124,0.189,0.285,0.382,0.503,0.640,0.753,1.258,1.562,1.723,1.806,2.002
"2012/7/30",0.105,0.100,0.102,0.128,0.201,0.302,0.411,0.534,0.674,0.787,1.288,1.589,1.746,1.829,2.023
"2012/7/31",0.105,0.097,0.103,0.128,0.197,0.302,0.416,0.544,0.684,0.802,1.303,1.602,1.761,1.841,2.037
"2012/8/1",0.105,0.095,0.098,0.120,0.185,0.292,0.401,0.530,0.669,0.788,1.288,1.593,1.751,1.833,2.034
"2012/8/2",0.104,0.094,0.098,0.120,0.185,0.291,0.402,0.531,0.664,0.783,1.289,1.602,1.765,1.846,2.050
"2012/8/3",0.104,0.092,0.097,0.117,0.177,0.274,0.375,0.496,0.627,0.744,1.250,1.562,1.732,1.816,2.024
"2012/8/6",0.103,0.088,0.098,0.120,0.181,0.278,0.380,0.501,0.633,0.751,1.250,1.562,1.733,1.816,2.025
"2012/8/7",0.103,0.088,0.098,0.126,0.197,0.301,0.417,0.542,0.672,0.790,1.290,1.593,1.761,1.842,2.048
"2012/8/8",0.102,0.091,0.097,0.132,0.203,0.310,0.431,0.558,0.690,0.809,1.310,1.615,1.787,1.868,2.072
"2012/8/9",0.102,0.091,0.097,0.132,0.203,0.312,0.437,0.563,0.695,0.809,1.310,1.615,1.792,1.872,2.080
"2012/8/10",0.102,0.091,0.096,0.132,0.204,0.312,0.438,0.563,0.697,0.809,1.307,1.611,1.785,1.864,2.080
"2012/8/13",0.101,0.090,0.097,0.133,0.205,0.304,0.429,0.554,0.688,0.801,1.303,1.606,1.776,1.855,2.076
"2012/8/14",0.101,0.095,0.096,0.133,0.205,0.305,0.429,0.555,0.694,0.806,1.308,1.611,1.781,1.859,2.080
"2012/8/15",0.100,0.100,0.096,0.144,0.221,0.326,0.456,0.580,0.719,0.830,1.338,1.633,1.799,1.877,2.096
"2012/8/16",0.100,0.100,0.099,0.167,0.257,0.365,0.501,0.625,0.764,0.874,1.382,1.666,1.826,1.903,2.112
"2012/8/17",0.099,0.100,0.099,0.162,0.246,0.346,0.471,0.596,0.732,0.845,1.352,1.641,1.794,1.878,2.088
"2012/8/20",0.099,0.100,0.099,0.163,0.251,0.356,0.482,0.607,0.743,0.856,1.363,1.653,1.804,1.890,2.096
"2012/8/21",0.098,0.100,0.098,0.159,0.242,0.345,0.467,0.592,0.726,0.838,1.354,1.649,1.795,1.882,2.088
"2012/8/22",0.098,0.100,0.098,0.155,0.236,0.345,0.470,0.598,0.726,0.838,1.354,1.651,1.795,1.883,2.091
"2012/8/23",0.098,0.100,0.099,0.150,0.232,0.340,0.471,0.598,0.732,0.843,1.372,1.671,1.827,1.912,2.119
"2012/8/24",0.098,0.100,0.101,0.143,0.222,0.321,0.444,0.574,0.707,0.825,1.354,1.662,1.822,1.907,2.119
"2012/8/27",0.098,0.100,0.101,0.145,0.227,0.328,0.450,0.580,0.708,0.826,1.354,1.663,1.826,1.912,2.125
"2012/8/28",0.098,0.099,0.100,0.147,0.227,0.328,0.451,0.577,0.708,0.826,1.349,1.662,1.831,1.921,2.132
"2012/8/29",0.097,0.099,0.100,0.147,0.227,0.319,0.440,0.566,0.698,0.817,1.334,1.649,1.818,1.909,2.121
"2012/8/30",0.097,0.100,0.100,0.147,0.226,0.322,0.446,0.572,0.704,0.822,1.340,1.655,1.818,1.909,2.122
"2012/8/31",0.097,0.097,0.100,0.143,0.224,0.314,0.436,0.562,0.694,0.817,1.335,1.655,1.818,1.909,2.121
"2012/9/3",0.102,0.097,0.099,0.139,0.218,0.305,0.422,0.548,0.680,0.805,1.321,1.642,1.804,1.895,2.109
"2012/9/4",0.101,0.097,0.100,0.139,0.217,0.309,0.427,0.554,0.686,0.801,1.326,1.650,1.809,1.900,2.109
"2012/9/5",0.101,0.097,0.102,0.139,0.212,0.304,0.418,0.544,0.676,0.792,1.317,1.638,1.795,1.889,2.097
"2012/9/6",0.101,0.096,0.102,0.144,0.217,0.310,0.429,0.553,0.681,0.796,1.331,1.651,1.804,1.899,2.105
"2012/9/7",0.101,0.096,0.105,0.149,0.224,0.321,0.444,0.569,0.697,0.811,1.336,1.655,1.804,1.899,2.101
"2012/9/10",0.100,0.096,0.104,0.144,0.208,0.306,0.430,0.551,0.677,0.793,1.324,1.647,1.786,1.882,2.084
"2012/9/11",0.100,0.095,0.108,0.144,0.204,0.303,0.426,0.546,0.679,0.793,1.323,1.647,1.786,1.879,2.081
"2012/9/12",0.100,0.095,0.107,0.146,0.208,0.307,0.435,0.560,0.688,0.803,1.333,1.650,1.786,1.878,2.078
"2012/9/13",0.100,0.095,0.107,0.151,0.214,0.321,0.455,0.581,0.708,0.823,1.356,1.673,1.813,1.904,2.093
"2012/9/14",0.100,0.100,0.107,0.146,0.205,0.302,0.431,0.557,0.679,0.794,1.334,1.660,1.809,1.900,2.087
"2012/9/18",0.100,0.100,0.106,0.151,0.216,0.319,0.452,0.578,0.700,0.810,1.355,1.686,1.837,1.925,2.111
"2012/9/19",0.100,0.100,0.106,0.151,0.216,0.324,0.458,0.588,0.705,0.814,1.360,1.696,1.848,1.938,2.123
"2012/9/20",0.100,0.100,0.099,0.142,0.204,0.310,0.439,0.565,0.687,0.800,1.336,1.678,1.837,1.929,2.115
"2012/9/21",0.100,0.100,0.103,0.142,0.206,0.311,0.439,0.565,0.687,0.800,1.330,1.670,1.824,1.917,2.103
"2012/9/24",0.100,0.100,0.102,0.142,0.201,0.306,0.429,0.556,0.679,0.792,1.322,1.661,1.815,1.909,2.096
"2012/9/25",0.100,0.100,0.102,0.142,0.201,0.307,0.430,0.556,0.679,0.797,1.322,1.656,1.801,1.900,2.088
"2012/9/26",0.100,0.100,0.101,0.144,0.201,0.297,0.415,0.542,0.664,0.783,1.309,1.644,1.787,1.884,2.075
"2012/9/27",0.100,0.100,0.101,0.144,0.201,0.297,0.414,0.542,0.665,0.783,1.313,1.648,1.792,1.888,2.077
"2012/9/28",0.100,0.100,0.101,0.139,0.198,0.292,0.405,0.533,0.655,0.774,1.309,1.648,1.797,1.892,2.080
"2012/10/1",0.100,0.100,0.103,0.139,0.198,0.288,0.401,0.523,0.645,0.765,1.304,1.648,1.797,1.892,2.078
"2012/10/2",0.100,0.100,0.103,0.134,0.194,0.283,0.397,0.523,0.641,0.764,1.299,1.648,1.797,1.892,2.080
"2012/10/3",0.100,0.100,0.102,0.134,0.194,0.284,0.402,0.528,0.647,0.771,1.310,1.657,1.809,1.905,2.091
"2012/10/4",0.100,0.100,0.102,0.139,0.198,0.289,0.413,0.535,0.656,0.771,1.305,1.653,1.806,1.900,2.088
"2012/10/5",0.100,0.100,0.102,0.139,0.199,0.294,0.417,0.540,0.666,0.780,1.316,1.667,1.823,1.918,2.102
"2012/10/9",0.100,0.100,0.101,0.138,0.196,0.291,0.414,0.536,0.663,0.777,1.306,1.659,1.819,1.913,2.097
"2012/10/10",0.100,0.100,0.100,0.140,0.196,0.286,0.410,0.531,0.658,0.773,1.311,1.663,1.828,1.922,2.106
"2012/10/11",0.100,0.100,0.100,0.140,0.196,0.276,0.394,0.517,0.644,0.758,1.302,1.654,1.820,1.918,2.098
"2012/10/12",0.100,0.100,0.104,0.143,0.200,0.281,0.404,0.528,0.654,0.769,1.312,1.658,1.823,1.918,2.098
"2012/10/15",0.100,0.100,0.104,0.145,0.200,0.280,0.400,0.519,0.646,0.759,1.308,1.659,1.820,1.914,2.095
"2012/10/16",0.100,0.100,0.104,0.145,0.196,0.283,0.405,0.524,0.651,0.765,1.313,1.668,1.821,1.914,2.095
"2012/10/17",0.100,0.100,0.103,0.145,0.197,0.288,0.411,0.534,0.661,0.775,1.323,1.680,1.833,1.927,2.102
"2012/10/18",0.100,0.100,0.103,0.155,0.206,0.312,0.442,0.564,0.686,0.799,1.343,1.689,1.845,1.937,2.111
"2012/10/19",0.100,0.100,0.103,0.150,0.206,0.309,0.432,0.555,0.676,0.790,1.333,1.680,1.835,1.927,2.104
"2012/10/22",0.099,0.100,0.103,0.150,0.207,0.305,0.428,0.552,0.672,0.786,1.329,1.681,1.830,1.923,2.105
"2012/10/23",0.099,0.100,0.103,0.150,0.207,0.305,0.434,0.557,0.678,0.791,1.344,1.698,1.852,1.943,2.123
"2012/10/24",0.099,0.100,0.105,0.150,0.203,0.301,0.423,0.547,0.668,0.782,1.335,1.698,1.857,1.947,2.131
"2012/10/25",0.098,0.098,0.105,0.151,0.203,0.301,0.429,0.552,0.674,0.787,1.330,1.694,1.853,1.943,2.127
"2012/10/26",0.098,0.098,0.098,0.141,0.193,0.286,0.409,0.537,0.658,0.772,1.310,1.676,1.835,1.926,2.116
"2012/10/29",0.102,0.098,0.100,0.141,0.193,0.287,0.415,0.544,0.664,0.781,1.321,1.689,1.849,1.939,2.127
"2012/10/30",0.102,0.097,0.100,0.142,0.193,0.280,0.400,0.530,0.650,0.772,1.313,1.694,1.849,1.939,2.131
"2012/10/31",0.102,0.097,0.100,0.146,0.200,0.290,0.415,0.545,0.665,0.784,1.319,1.694,1.853,1.943,2.141
"2012/11/1",0.101,0.097,0.099,0.147,0.204,0.298,0.426,0.556,0.670,0.789,1.320,1.684,1.844,1.934,2.136
"2012/11/2",0.101,0.097,0.099,0.149,0.208,0.307,0.431,0.561,0.676,0.789,1.329,1.685,1.844,1.935,2.143
"2012/11/5",0.101,0.096,0.099,0.148,0.204,0.299,0.423,0.551,0.667,0.780,1.323,1.690,1.849,1.939,2.143
"2012/11/6",0.101,0.096,0.099,0.149,0.204,0.295,0.412,0.542,0.657,0.771,1.314,1.686,1.840,1.932,2.136
"2012/11/7",0.101,0.096,0.099,0.149,0.204,0.295,0.410,0.537,0.658,0.776,1.314,1.695,1.854,1.944,2.147
"2012/11/8",0.101,0.096,0.098,0.148,0.200,0.285,0.395,0.517,0.638,0.756,1.290,1.667,1.822,1.917,2.116
"2012/11/9",0.101,0.096,0.098,0.148,0.201,0.282,0.391,0.507,0.628,0.748,1.287,1.661,1.817,1.912,2.104
"2012/11/12",0.100,0.095,0.101,0.149,0.205,0.283,0.388,0.504,0.626,0.744,1.283,1.657,1.811,1.907,2.099
"2012/11/13",0.100,0.095,0.100,0.149,0.201,0.284,0.392,0.510,0.632,0.748,1.289,1.656,1.808,1.903,2.092
"2012/11/14",0.100,0.100,0.099,0.149,0.202,0.288,0.397,0.515,0.638,0.754,1.297,1.665,1.812,1.907,2.097
"2012/11/15",0.100,0.100,0.099,0.143,0.195,0.278,0.387,0.505,0.634,0.749,1.301,1.680,1.835,1.932,2.123
"2012/11/16",0.100,0.100,0.099,0.138,0.186,0.268,0.377,0.495,0.629,0.745,1.302,1.689,1.848,1.945,2.140
"2012/11/19",0.099,0.100,0.100,0.138,0.188,0.275,0.383,0.502,0.635,0.750,1.298,1.684,1.845,1.941,2.136
"2012/11/20",0.098,0.100,0.100,0.139,0.188,0.276,0.387,0.502,0.632,0.746,1.294,1.675,1.832,1.930,2.124
"2012/11/21",0.098,0.100,0.099,0.139,0.193,0.281,0.392,0.507,0.637,0.751,1.304,1.685,1.845,1.941,2.132
"2012/11/22",0.098,0.100,0.099,0.139,0.194,0.281,0.392,0.508,0.638,0.758,1.319,1.694,1.853,1.945,2.136
"2012/11/26",0.096,0.100,0.101,0.138,0.189,0.277,0.388,0.505,0.634,0.753,1.311,1.681,1.840,1.933,2.121
"2012/11/27",0.096,0.098,0.101,0.138,0.189,0.278,0.388,0.505,0.635,0.753,1.308,1.676,1.836,1.929,2.117
"2012/11/28",0.099,0.098,0.101,0.140,0.181,0.268,0.374,0.490,0.620,0.740,1.298,1.676,1.832,1.925,2.119
"2012/11/29",0.099,0.098,0.100,0.140,0.181,0.263,0.369,0.486,0.615,0.735,1.293,1.676,1.832,1.929,2.121
"2012/11/30",0.099,0.097,0.100,0.140,0.180,0.258,0.364,0.481,0.611,0.730,1.289,1.681,1.839,1.937,2.127
"2012/12/3",0.104,0.097,0.102,0.140,0.180,0.259,0.366,0.481,0.606,0.727,1.285,1.685,1.846,1.940,2.132
"2012/12/4",0.104,0.097,0.101,0.140,0.181,0.259,0.366,0.482,0.607,0.720,1.285,1.694,1.851,1.945,2.131
"2012/12/5",0.103,0.097,0.096,0.135,0.175,0.249,0.356,0.467,0.592,0.706,1.281,1.690,1.845,1.940,2.127
"2012/12/6",0.103,0.096,0.099,0.125,0.165,0.231,0.332,0.441,0.568,0.682,1.252,1.656,1.798,1.896,2.082
"2012/12/7",0.102,0.096,0.098,0.125,0.165,0.239,0.345,0.458,0.583,0.701,1.262,1.660,1.800,1.896,2.081
"2012/12/10",0.101,0.096,0.097,0.125,0.164,0.230,0.337,0.448,0.574,0.693,1.258,1.665,1.804,1.900,2.082
"2012/12/11",0.101,0.096,0.096,0.130,0.170,0.235,0.341,0.454,0.580,0.697,1.263,1.669,1.804,1.900,2.080
"2012/12/12",0.101,0.095,0.096,0.130,0.172,0.230,0.338,0.455,0.580,0.698,1.263,1.669,1.805,1.900,2.079
"2012/12/13",0.100,0.095,0.095,0.137,0.171,0.250,0.363,0.484,0.610,0.723,1.293,1.707,1.846,1.938,2.110
"2012/12/14",0.100,0.100,0.098,0.139,0.175,0.257,0.369,0.493,0.615,0.729,1.297,1.708,1.850,1.944,2.115
"2012/12/17",0.099,0.100,0.097,0.142,0.176,0.262,0.375,0.501,0.626,0.734,1.308,1.722,1.865,1.959,2.129
"2012/12/18",0.099,0.100,0.096,0.147,0.186,0.282,0.401,0.527,0.651,0.754,1.323,1.731,1.878,1.971,2.141
"2012/12/19",0.099,0.100,0.096,0.147,0.184,0.278,0.410,0.537,0.666,0.778,1.338,1.740,1.887,1.981,2.143
"2012/12/20",0.099,0.100,0.096,0.137,0.176,0.269,0.397,0.528,0.656,0.768,1.329,1.725,1.867,1.962,2.123
"2012/12/21",0.098,0.100,0.099,0.132,0.172,0.264,0.391,0.523,0.648,0.759,1.320,1.709,1.837,1.933,2.100
"2012/12/25",0.098,0.099,0.097,0.131,0.173,0.271,0.404,0.535,0.659,0.765,1.326,1.714,1.842,1.937,2.107
"2012/12/26",0.098,0.098,0.097,0.139,0.183,0.286,0.430,0.560,0.683,0.784,1.350,1.740,1.869,1.956,2.126
"2012/12/27",0.098,0.098,0.097,0.144,0.193,0.301,0.445,0.581,0.704,0.799,1.360,1.754,1.885,1.971,2.142
"2012/12/28",0.098,0.098,0.099,0.144,0.187,0.292,0.435,0.571,0.699,0.794,1.361,1.754,1.882,1.967,2.138
"2013/1/4",0.101,0.097,0.097,0.148,0.203,0.321,0.474,0.609,0.737,0.835,1.390,1.777,1.900,1.984,2.149
"2013/1/7",0.101,0.096,0.100,0.148,0.204,0.316,0.459,0.599,0.728,0.835,1.397,1.786,1.909,1.992,2.156
"2013/1/8",0.101,0.096,0.099,0.153,0.210,0.316,0.461,0.600,0.728,0.825,1.392,1.786,1.912,1.996,2.158
"2013/1/9",0.100,0.096,0.098,0.148,0.204,0.313,0.461,0.601,0.728,0.825,1.388,1.782,1.908,1.992,2.154
"2013/1/10",0.100,0.096,0.098,0.144,0.196,0.305,0.456,0.596,0.729,0.825,1.388,1.782,1.909,1.987,2.154
"2013/1/11",0.089,0.080,0.083,0.129,0.173,0.279,0.430,0.571,0.711,0.816,1.379,1.782,1.918,2.001,2.169
"2013/1/15",0.080,0.080,0.078,0.124,0.163,0.253,0.392,0.532,0.666,0.773,1.341,1.756,1.896,1.989,2.158
"2013/1/16",0.080,0.080,0.080,0.125,0.165,0.247,0.377,0.513,0.642,0.754,1.314,1.730,1.864,1.956,2.127
"2013/1/17",0.080,0.080,0.080,0.120,0.161,0.243,0.371,0.503,0.631,0.742,1.315,1.735,1.873,1.964,2.139
"2013/1/18",0.079,0.075,0.075,0.115,0.155,0.248,0.383,0.518,0.649,0.759,1.337,1.761,1.900,1.989,2.167
"2013/1/21",0.079,0.075,0.075,0.116,0.155,0.239,0.369,0.505,0.634,0.745,1.309,1.735,1.873,1.958,2.145
"2013/1/22",0.078,0.075,0.077,0.111,0.151,0.234,0.364,0.500,0.629,0.742,1.304,1.740,1.873,1.963,2.151
"2013/1/23",0.088,0.085,0.086,0.121,0.162,0.245,0.375,0.510,0.635,0.741,1.304,1.730,1.859,1.953,2.138
"2013/1/24",0.087,0.085,0.085,0.116,0.155,0.240,0.368,0.500,0.630,0.742,1.315,1.753,1.882,1.967,2.154
"2013/1/25",0.080,0.079,0.080,0.111,0.151,0.235,0.358,0.490,0.621,0.733,1.315,1.766,1.895,1.985,2.172
"2013/1/28",0.086,0.080,0.081,0.121,0.163,0.256,0.385,0.517,0.646,0.758,1.330,1.766,1.896,1.985,2.170
"2013/1/29",0.086,0.080,0.081,0.121,0.164,0.266,0.409,0.541,0.667,0.777,1.350,1.771,1.899,1.985,2.167
"2013/1/30",0.085,0.080,0.082,0.122,0.163,0.262,0.409,0.548,0.671,0.787,1.360,1.779,1.910,1.994,2.173
"2013/1/31",0.075,0.067,0.070,0.111,0.152,0.243,0.383,0.523,0.647,0.763,1.336,1.766,1.893,1.975,2.157
"2013/2/1",0.075,0.067,0.074,0.110,0.153,0.256,0.406,0.549,0.672,0.783,1.348,1.771,1.892,1.977,2.159
"2013/2/4",0.073,0.067,0.076,0.125,0.169,0.288,0.446,0.590,0.713,0.817,1.378,1.789,1.911,1.994,2.175
"2013/2/5",0.073,0.067,0.074,0.120,0.164,0.278,0.428,0.570,0.696,0.803,1.369,1.780,1.906,1.990,2.171
"2013/2/6",0.063,0.051,0.060,0.110,0.153,0.263,0.414,0.555,0.682,0.784,1.360,1.780,1.908,1.990,2.171
"2013/2/7",0.060,0.032,0.047,0.101,0.143,0.253,0.399,0.541,0.672,0.775,1.355,1.780,1.910,1.989,2.171
"2013/2/8",0.059,0.032,0.046,0.101,0.143,0.254,0.395,0.531,0.668,0.769,1.346,1.771,1.901,1.982,2.162
"2013/2/12",0.060,0.031,0.047,0.101,0.145,0.253,0.392,0.522,0.660,0.760,1.332,1.758,1.883,1.964,2.141
"2013/2/13",0.060,0.030,0.046,0.102,0.145,0.246,0.381,0.512,0.650,0.751,1.323,1.749,1.874,1.957,2.133
"2013/2/14",0.060,0.040,0.058,0.112,0.155,0.266,0.418,0.548,0.681,0.779,1.338,1.753,1.869,1.953,2.125
"2013/2/15",0.070,0.045,0.053,0.107,0.151,0.253,0.399,0.528,0.658,0.761,1.319,1.740,1.851,1.936,2.109
"2013/2/18",0.068,0.045,0.054,0.107,0.151,0.250,0.395,0.526,0.654,0.757,1.315,1.735,1.832,1.920,2.091
"2013/2/19",0.067,0.045,0.053,0.103,0.140,0.240,0.385,0.516,0.645,0.754,1.315,1.739,1.828,1.916,2.078
"2013/2/20",0.067,0.045,0.054,0.103,0.139,0.235,0.389,0.521,0.650,0.759,1.315,1.752,1.841,1.927,2.088
"2013/2/21",0.066,0.045,0.054,0.103,0.139,0.230,0.381,0.517,0.645,0.754,1.314,1.757,1.854,1.940,2.092
"2013/2/22",0.065,0.045,0.053,0.103,0.138,0.227,0.376,0.513,0.635,0.744,1.296,1.736,1.832,1.920,2.071
"2013/2/25",0.063,0.045,0.055,0.097,0.129,0.215,0.361,0.494,0.617,0.724,1.277,1.723,1.818,1.907,2.059
"2013/2/26",0.063,0.045,0.055,0.097,0.123,0.205,0.344,0.472,0.593,0.700,1.248,1.700,1.794,1.882,2.037
"2013/2/27",0.062,0.045,0.055,0.097,0.124,0.197,0.329,0.458,0.579,0.686,1.219,1.676,1.777,1.867,2.021
"2013/2/28",0.062,0.045,0.054,0.097,0.123,0.198,0.324,0.453,0.572,0.681,1.184,1.634,1.740,1.833,1.990
"2013/3/1",0.061,0.045,0.054,0.096,0.124,0.196,0.325,0.448,0.568,0.678,1.174,1.603,1.703,1.794,1.950
"2013/3/4",0.049,0.040,0.047,0.081,0.101,0.171,0.295,0.409,0.520,0.630,1.121,1.530,1.623,1.716,1.870
"2013/3/5",0.048,0.040,0.047,0.090,0.117,0.193,0.331,0.444,0.556,0.656,1.164,1.577,1.671,1.762,1.903
"2013/3/6",0.047,0.040,0.046,0.091,0.112,0.184,0.325,0.445,0.560,0.662,1.182,1.602,1.698,1.785,1.923
"2013/3/7",0.046,0.040,0.046,0.091,0.111,0.179,0.321,0.450,0.565,0.666,1.206,1.634,1.726,1.813,1.937
"2013/3/8",0.046,0.040,0.046,0.091,0.111,0.169,0.301,0.434,0.545,0.647,1.192,1.625,1.690,1.762,1.893
"2013/3/11",0.043,0.040,0.047,0.095,0.115,0.175,0.303,0.442,0.553,0.652,1.207,1.656,1.722,1.783,1.915
"2013/3/12",0.043,0.040,0.047,0.100,0.120,0.181,0.288,0.426,0.533,0.632,1.178,1.630,1.694,1.758,1.891
"2013/3/13",0.042,0.040,0.046,0.100,0.120,0.185,0.293,0.422,0.529,0.623,1.148,1.604,1.675,1.744,1.878
"2013/3/14",0.041,0.040,0.046,0.095,0.120,0.185,0.289,0.418,0.525,0.618,1.143,1.618,1.708,1.775,1.903
"2013/3/15",0.050,0.045,0.046,0.097,0.120,0.186,0.289,0.418,0.525,0.615,1.133,1.606,1.703,1.771,1.891
"2013/3/18",0.049,0.045,0.048,0.092,0.110,0.173,0.268,0.393,0.495,0.585,1.099,1.574,1.680,1.746,1.857
"2013/3/19",0.049,0.045,0.047,0.097,0.116,0.172,0.275,0.398,0.501,0.591,1.099,1.561,1.666,1.733,1.843
"2013/3/21",0.048,0.045,0.046,0.097,0.120,0.167,0.260,0.378,0.486,0.577,1.084,1.529,1.628,1.697,1.802
"2013/3/22",0.048,0.045,0.049,0.097,0.120,0.160,0.245,0.363,0.471,0.562,1.069,1.497,1.580,1.651,1.757
"2013/3/25",0.047,0.039,0.048,0.097,0.120,0.163,0.250,0.363,0.472,0.558,1.052,1.457,1.528,1.589,1.702
"2013/3/26",0.046,0.039,0.047,0.097,0.116,0.153,0.240,0.349,0.456,0.544,1.055,1.474,1.561,1.620,1.735
"2013/3/27",0.046,0.039,0.044,0.092,0.110,0.147,0.235,0.339,0.435,0.519,1.029,1.453,1.552,1.612,1.730
"2013/3/28",0.046,0.046,0.050,0.096,0.117,0.151,0.235,0.339,0.435,0.514,1.008,1.426,1.532,1.594,1.711
"2013/3/29",0.056,0.057,0.066,0.107,0.131,0.184,0.282,0.395,0.491,0.564,1.016,1.406,1.499,1.555,1.669
"2013/4/1",0.060,0.055,0.069,0.116,0.137,0.184,0.283,0.391,0.487,0.565,1.059,1.440,1.532,1.586,1.699
"2013/4/2",0.060,0.056,0.075,0.121,0.141,0.189,0.289,0.395,0.489,0.565,1.045,1.408,1.499,1.550,1.668
"2013/4/3",0.060,0.056,0.075,0.123,0.137,0.174,0.274,0.385,0.474,0.555,1.037,1.413,1.508,1.559,1.671
"2013/4/4",0.060,0.058,0.078,0.118,0.131,0.148,0.221,0.305,0.373,0.442,0.829,1.176,1.237,1.291,1.405
"2013/4/5",0.080,0.082,0.107,0.162,0.180,0.246,0.379,0.456,0.491,0.534,0.852,1.170,1.233,1.279,1.368
"2013/4/8",0.090,0.094,0.116,0.170,0.184,0.226,0.352,0.447,0.483,0.525,0.898,1.260,1.336,1.375,1.441
"2013/4/9",0.100,0.108,0.133,0.184,0.198,0.207,0.322,0.440,0.484,0.531,0.951,1.326,1.410,1.438,1.487
"2013/4/10",0.118,0.123,0.176,0.246,0.270,0.277,0.383,0.505,0.539,0.585,1.017,1.386,1.474,1.497,1.533
"2013/4/11",0.109,0.119,0.149,0.188,0.205,0.221,0.322,0.462,0.509,0.555,1.039,1.432,1.532,1.545,1.566
"2013/4/12",0.118,0.129,0.167,0.230,0.256,0.303,0.421,0.561,0.592,0.623,1.090,1.476,1.576,1.584,1.599
"2013/4/15",0.110,0.130,0.174,0.242,0.271,0.335,0.445,0.580,0.617,0.648,1.126,1.528,1.631,1.640,1.652
"2013/4/16",0.110,0.130,0.168,0.227,0.263,0.314,0.404,0.525,0.563,0.595,1.090,1.501,1.614,1.633,1.648
"2013/4/17",0.110,0.130,0.163,0.212,0.249,0.305,0.406,0.525,0.569,0.604,1.110,1.533,1.647,1.668,1.696
"2013/4/18",0.111,0.130,0.160,0.204,0.239,0.281,0.376,0.484,0.546,0.589,1.071,1.501,1.609,1.633,1.666
"2013/4/19",0.111,0.125,0.147,0.193,0.224,0.271,0.366,0.458,0.534,0.584,1.025,1.442,1.552,1.581,1.625
"2013/4/22",0.112,0.125,0.147,0.199,0.230,0.291,0.392,0.484,0.559,0.612,1.062,1.482,1.600,1.628,1.676
"2013/4/23",0.112,0.120,0.146,0.197,0.226,0.275,0.366,0.459,0.534,0.589,1.037,1.454,1.574,1.606,1.659
"2013/4/24",0.113,0.120,0.148,0.201,0.229,0.279,0.371,0.470,0.544,0.600,1.053,1.485,1.600,1.629,1.683
"2013/4/25",0.113,0.123,0.152,0.206,0.237,0.278,0.362,0.455,0.529,0.585,1.038,1.486,1.605,1.637,1.697
"2013/4/26",0.113,0.124,0.156,0.216,0.248,0.289,0.370,0.464,0.538,0.594,1.045,1.483,1.598,1.631,1.693
"2013/4/30",0.115,0.122,0.156,0.217,0.250,0.298,0.383,0.475,0.549,0.611,1.060,1.490,1.592,1.623,1.687
